No.,Object Name,RA-s,Dec-s,RA,Dec,Redshift (z),cz,z flag,Phys Type,EM Region,Reference,Note,Photometry,Position,Redshift,Diameter,Distances,Classification,Images,Spectra
1,NGC 7814,00h03m14.9103s,+16d08m43.110s,0.8121263,16.1453085,0.003506,1051.072357748,S1L,G,"IR,Radio,UV,Vis,Xray",311,9,131,43,30,14,20,35,21,9
2,NGC 0055,00h14m53.6028s,-39d11m47.655s,3.723345,-39.196571,0.000436968964709579,131.0,UUN,G,"IR,Radio,Xray",592,12,89,46,30,18,31,54,62,2
3,NGC 0147,00h33m12.1200s,+48d30m31.500s,8.3005,48.50875,-0.000644000014,-193.066347149094,SUN,G,IR,488,11,38,37,18,7,39,35,17,2
4,NGC 0185,00h38m57.8836s,+48d20m14.661s,9.741182,48.337406,-0.00067400001,-202.060119689925,SUN,G,IR,600,13,71,47,24,7,39,38,20,11
5,NGC 0247,00h47m08.4722s,-20d45m36.702s,11.785301,-20.760195,0.000580401525644785,174.0,SUN,G,"IR,Radio",514,13,101,54,22,19,40,61,83,2
6,NGC 0300,00h54m53.4484s,-37d41m03.163s,13.722702,-37.684212,0.00049100634813168,147.2,SUN,G,"IR,Radio,Xray",956,14,105,64,29,18,74,94,60,3
7,UGC 00685,01h07m22.4400s,+16d41m04.447s,16.84350012929,16.68456880889,0.00052,155.89207816,S1L,G,"Radio,UV",152,4,70,34,19,4,8,19,18,6
8,NGC 0406,01h07m25.0104s,-69d52m44.914s,16.85421,-69.879143,0.00503,1507.95606374,UUN,G,"IR,Radio",103,5,51,20,19,17,15,23,9,3
9,NGC 0524,01h24m47.7452s,+09d32m20.040s,21.1989384,9.5389001,0.008016,2403.136343328,UUN,G,"IR,Radio,Xray",518,11,115,41,33,8,19,32,16,4
10,NGC 0584,01h31m20.7357s,-06d52m04.618s,22.8363989,-6.8679497,0.00610622432669737,1830.6,SST,G,"IR,Xray",427,9,223,55,44,6,19,35,62,8
11,UGC 01281,01h49m31.6135s,+32d35m19.525s,27.38172291667,32.58875694444,0.00052,155.89207816,SUN,G,"IR,Radio,UV",165,8,41,28,15,6,11,23,12,4
12,NGC 0708,01h52m46.4467s,+36d09m06.581s,28.1935282,36.1518283,0.0158856564697168,4762.4,SLS,G,"IR,Radio,UV,Xray",293,10,123,51,43,9,19,18,5,0
13,NGC 0720,01h53m00.5229s,-13d44m19.251s,28.252179,-13.738681,0.00582099985,1745.09185304913,SUN,G,"IR,UV,Xray",470,9,80,39,38,6,23,21,26,1
14,NGC 0784,02h01m16.9067s,+28d50m12.274s,30.320444712,28.836743022,0.00066,197.86302228,SUN,G,"IR,Radio",208,4,97,46,23,7,17,28,35,9
15,NGC 0821,02h08m21.1504s,+10d59m41.893s,32.0881268,10.9949703,0.00578700006,1734.89897243355,SUN,G,IR,506,10,100,36,32,7,15,21,8,5
16,NGC 0891,02h22m32.9064s,+42d20m53.952s,35.63711,42.34832,0.001761,527.934518538,SUN,G,"IR,Radio,Xray",976,26,131,76,35,8,30,51,83,16
17,NGC 0910,02h25m26.7868s,+41d49m27.393s,36.361612,41.824276,0.0170624705975759,5115.20000000001,SLS,G,IR,87,3,33,19,17,7,4,8,2,0
18,NGC 1023,02h40m24.0078s,+39d03m47.888s,40.1000328,39.0633023,0.002121,635.859803418,SUN,G,"IR,Radio,UV,Xray",566,15,170,51,33,11,26,46,34,8
19,ESO 356- G 004,02h39m59.2999s,-34d26m57.001s,39.997083,-34.449167,0.000184460944644578,55.3,UUN,G,,931,6,19,29,15,12,78,41,3,0
20,NGC 1052,02h41m04.7985s,-08d15m20.752s,40.2699937491667,-8.25576443111111,0.00520359988509117,1560.0,SLS,G,"Gamma,IR,Radio,UV,Xray",1097,25,335,119,128,10,21,41,157,7
21,NGC 1055,02h41m45.2292s,+00d26m35.988s,40.438455,0.44333,0.003322,995.910545476,S1L,G,"IR,Radio,Vis",336,10,105,43,31,8,24,42,25,6
22,NGC 1132,02h52m51.8271s,-01d16m29.139s,43.2159465,-1.274761,0.0231330004,6935.09905083098,UUN,G,"IR,Radio,Xray",143,4,78,40,30,9,2,9,7,1
23,UGC 02413,02h56m28.7675s,+15d54m57.844s,44.1198646,15.9160678,0.034594,10371.020292052,SUN,G,"IR,UV",45,2,44,14,10,5,3,5,2,1
24,ESO 154- G 023,02h56m50.2000s,-54d34m14.300s,44.20916666667,-54.57063888889,0.00191465790643739,573.999999999999,UUN,G,"IR,Radio",119,6,52,32,16,17,11,17,29,2
25,NGC 1172,03h01m36.0704s,-14d50m11.443s,45.4002937,-14.836512,0.005107,1531.040083006,SUN,G,"IR,UV",172,2,60,26,12,6,19,21,4,0
26,NGC 1201,03h04m07.9884s,-26d04m10.815s,46.0332852,-26.069671,0.00562399998,1686.03277779615,UUN,G,"IR,UV",209,4,79,24,23,19,10,20,5,1
27,NGC 1311,03h20m06.9403s,-52d11m08.066s,50.028918,-52.185574,0.001911,572.903387238,UUN,G,"IR,Radio",130,4,74,41,21,18,11,18,33,3
28,ESO 301- G 008,03h22m22.6742s,-37d23m51.034s,50.59447588649,-37.3975097031,0.004693,1406.926005394,SLS,G,"UV,Xray",46,1,16,20,9,13,4,5,2,1
29,ESO 357- G 025,03h23m37.2500s,-35d46m42.596s,50.9052085,-35.7784991,0.006081,1823.037937098,SUN,G,"IR,UV",57,1,57,25,14,17,5,10,9,1
30,IC 1919,03h26m02.2248s,-32d53m40.452s,51.50927,-32.89457,0.004413,1322.984117154,SUN,G,"IR,UV",93,3,46,21,16,18,9,13,4,1
31,NGC 1332,03h26m17.2267s,-21d20m06.599s,51.5717781,-21.3351665,0.0054,1618.8792732,SUN,G,"IR,Radio,Xray",360,7,113,36,27,22,10,28,18,3
32,NGC 1336,03h26m32.1971s,-35d42m48.621s,51.6341547,-35.713506,0.00473000016,1418.01837430679,SUN,G,"IR,Radio",142,2,49,28,25,20,8,13,4,1
33,ESO 358- G 006,03h27m18.0391s,-34d31m35.383s,51.8251631,-34.5264953,0.004266,1278.914625828,SUN,G,"IR,UV",106,3,51,26,17,19,6,9,4,1
34,NGC 1339,03h28m06.5548s,-32d17m09.664s,52.0273118,-32.2860178,0.0046430002,1391.93644245249,SUN,G,"IR,UV",188,3,78,28,20,20,26,27,7,1
35,NGC 1345,03h29m31.6652s,-17d46m42.144s,52.3819385,-17.7783735,0.005101,1529.241328258,S1L,G,"IR,Radio",100,8,87,29,17,20,1,16,8,4
36,IC 1959,03h33m12.5318s,-50d24m50.311s,53.3022161,-50.4139755,0.002131,638.857727998,UUN,G,"IR,Radio",115,3,77,37,22,18,17,20,31,2
37,NGC 1375,03h35m16.8073s,-35d15m56.282s,53.8200304,-35.2656339,0.00259179301968964,777.0,UUN,G,"IR,UV",179,5,84,32,24,20,12,20,7,1
38,NGC 1374,03h35m16.5983s,-35d13m34.555s,53.8191597,-35.2262654,0.00450311528517505,1350.0,UUN,G,"IR,UV",297,6,98,36,30,20,37,41,7,1
39,ESO 358- G 025,03h35m33.0469s,-32d27m53.845s,53.8876954,-32.4649571,0.004633,1388.938457914,SUN,G,"IR,UV",102,3,63,26,16,19,7,14,6,1
40,NGC 1379,03h36m03.9724s,-35d26m28.264s,54.016552,-35.4411845,0.0045664924632627,1369.0,UUN,G,"IR,UV",262,7,94,30,28,20,36,37,10,2
41,NGC 1381,03h36m31.6580s,-35d17m42.514s,54.1319087,-35.295143,0.00581402217930379,1743.0,UUN,G,"IR,UV,Xray",256,8,117,36,29,23,14,35,10,1
42,NGC 1387,03h36m57.0338s,-35d30m23.515s,54.2376412,-35.506532,0.00434500590405113,1302.6,UUN,G,"IR,Radio,UV,Xray",269,7,122,41,29,20,15,25,15,1
43,NGC 1389,03h37m11.7000s,-35d44m42.000s,54.29875,-35.745,0.00325558556913396,975.999999999999,UUN,G,"IR,Xray",219,7,90,37,28,20,18,23,11,1
44,ESO 358- G 042,03h38m09.1529s,-34d31m07.262s,54.5381373,-34.5186841,0.003797,1138.311963026,SUN,G,"IR,UV",73,2,55,32,15,17,5,8,7,0
45,ESO 358- G 043,03h38m13.7147s,-33d07m37.557s,54.5571449,-33.1270992,0.004566,1368.852363228,SUN,G,IR,63,2,47,23,15,17,5,9,4,1
46,NGC 1399,03h38m29.0200s,-35d27m00.700s,54.6209166666667,-35.4501944444444,0.0047530001,1424.91358285325,SUN,G,"IR,Radio,Vis,Xray",976,25,133,63,59,18,91,66,33,0
47,NGC 1404,03h38m51.9312s,-35d35m38.796s,54.71638,-35.59411,0.00644779396018028,1933.0,UUN,G,"IR,Radio,UV,Vis,Xray",642,12,184,55,61,24,54,44,56,7
48,NGC 1400,03h39m30.8368s,-18d41m17.450s,54.8784869,-18.6881807,0.0019680281616691,590.000000000001,UUN,G,"IR,Radio,Xray",291,10,100,36,30,21,28,34,21,1
49,NGC 1407,03h40m11.8414s,-18d34m48.157s,55.0493392,-18.5800438,0.005934,1778.968445772,SUN,G,"IR,Radio,Vis,Xray",514,12,113,47,48,18,28,34,17,0
50,NGC 1419,03h40m42.1063s,-37d30m38.696s,55.1754431,-37.5107491,0.00526697706317882,1579.0,UUN,G,"IR,UV",146,2,54,28,23,19,15,18,5,1
51,ESO 358- G 050,03h41m03.5964s,-33d46m44.941s,55.2649851,-33.7791504,0.00442973118423146,1328.0,UUN,G,"IR,UV",98,1,46,28,22,18,6,11,5,1
52,NGC 1428,03h42m22.8405s,-35d09m13.882s,55.5951691,-35.1538562,0.00552715705743338,1657.0,UUN,G,"IR,UV",116,4,60,30,19,18,6,18,8,0
53,NGC 1426,03h42m49.0910s,-22d06m30.001s,55.7045461,-22.1083336,0.00481300009,1442.90112733532,SUN,G,"IR,UV",209,5,96,33,22,18,27,32,5,0
54,ESO 358- G 056,03h43m22.7000s,-33d56m20.000s,55.84458333333,-33.93888888889,0.003966,1188.976888428,SUN,G,IR,54,1,29,17,12,16,4,8,5,1
55,NGC 1439,03h44m49.9410s,-21d55m14.340s,56.2080878,-21.92065,0.005561,1667.145858938,SUN,G,"IR,Xray",204,6,91,35,22,18,19,25,4,0
56,ESO 358- G 059,03h45m03.5850s,-35d58m21.353s,56.2649377,-35.9725983,0.00347907351291673,1043.0,UUN,G,"IR,UV,Vis",130,3,56,32,23,19,6,11,4,1
57,NGC 1460,03h46m13.7255s,-36d41m47.126s,56.5571896,-36.6964241,0.00461319143659044,1383.0,UUN,G,IR,82,2,40,24,19,18,5,12,5,1
58,ESO 358- G 066,03h47m52.6461s,-36d28m18.836s,56.969359,-36.4718989,0.006191,1856.015107478,SUN,G,IR,54,2,37,18,13,17,5,8,4,0
59,ESO 359- G 002,03h50m36.7156s,-35d54m34.390s,57.652982,-35.9095529,0.00477,1430.01002466,SUN,G,"IR,UV,Vis",93,2,48,29,19,18,5,9,4,1
60,NGC 1483,03h52m47.6974s,-47d28m38.329s,58.1987393,-47.4773136,0.003833,1149.104491514,UUN,G,"IR,Radio",88,4,52,21,15,17,4,14,7,2
61,IC 2006,03h54m28.4535s,-35d58m01.548s,58.6185563,-35.9670969,0.00461000018,1382.04328534264,SUN,G,"IR,UV",191,6,63,25,19,19,21,27,9,1
62,UGCA 086,03h59m48.4676s,+67d08m18.435s,59.9519486,67.1384544,0.000223,66.853718134,SUN,G,"IR,Radio,Xray",101,5,24,13,4,2,8,18,3,3
63,IC 2035,04h09m01.8489s,-45d31m03.187s,62.2577038,-45.517552,0.00498299999,1493.86581521608,UUN,G,"IR,UV",99,4,59,21,10,16,5,10,8,0
64,NGC 1533,04h09m51.8262s,-56d07m06.429s,62.4659427,-56.1184525,0.002635,789.95312683,S1L,G,"IR,Radio",199,12,111,29,21,17,11,24,19,4
65,NGC 1549,04h15m45.1054s,-55d35m31.859s,63.9379394,-55.5921831,0.00418999977,1256.13033006773,UUN,G,"IR,Radio,Xray",259,11,130,27,22,18,25,25,13,1
66,NGC 1553,04h16m10.4361s,-55d46m48.019s,64.043484,-55.7800054,0.003602,1079.852433716,SUN,G,"IR,Radio,UV,Xray",375,15,186,35,22,21,22,32,23,2
67,NGC 1581,04h24m44.8834s,-54d56m31.202s,66.1870143,-54.9420008,0.005337,1599.992348346,SUN,G,"IR,Radio",54,2,48,17,9,17,0,6,4,0
68,UGCA 092,04h32m04.9000s,+63d36m49.000s,68.02041666667,63.61361111111,-0.00033,-98.93151114,SUN,G,Radio,112,3,12,15,7,2,9,14,3,2
69,NGC 1600,04h31m39.8676s,-05d05m10.587s,67.9161151,-5.0862744,0.0157116,4710.2191831128,SLS,G,"IR,Radio,UV,Vis,Xray",372,9,95,40,28,6,12,10,9,0
70,ESO 118- G 034,04h40m17.4942s,-58d44m39.631s,70.0728926,-58.7443422,0.00383600011,1150.00390186517,SUN,G,"IR,Radio,UV",63,4,59,21,12,17,0,6,4,0
71,NGC 1700,04h56m56.3088s,-04d51m56.670s,74.2346201,-4.8657417,0.0130063311999663,3899.19999999999,SST,G,"IR,Xray",327,11,113,36,26,9,20,15,9,1
72,CGCG 421-019,05h16m55.0861s,+06d33m09.682s,79.2295255,6.5526897,0.0323060006,9685.09532802348,SUN,G,"IR,Radio,Xray",43,0,63,16,10,6,2,5,2,0
73,ESO 306- G 017,05h40m06.6709s,-40d50m11.317s,85.0277958,-40.8364772,0.0358050019,10734.0695282957,SUN,G,"IR,Radio,UV,Xray",54,3,72,20,13,20,0,2,4,0
74,NGC 2082,05h41m51.3141s,-64d18m04.370s,85.4638091,-64.301214,0.00395,1184.1802091,S1L,G,"IR,Radio",126,6,61,17,15,15,12,20,5,0
75,NGC 2329,07h09m08.0080s,+48d36m55.530s,107.28336666667,48.615425,0.0193300005,5794.98836303623,SUN,G,"Gamma,IR,Radio,UV,Xray",174,8,86,33,31,11,7,10,7,0
76,UGC 03755,07h13m51.7000s,+10d31m15.800s,108.46541666667,10.52105555556,0.00104999996,314.782068908302,SUN,G,Radio,101,2,25,31,16,5,8,15,1,3
77,ESO 059- G 001,07h31m18.4000s,-68d11m15.100s,112.82666666667,-68.18752777778,0.001768,530.033065744,UUN,G,Radio,80,3,20,23,14,13,5,11,8,1
78,NGC 2434,07h34m51.1806s,-69d17m02.843s,113.7132527,-69.2841232,0.004637,1390.137627746,SUN,G,IR,173,7,88,18,18,17,16,18,8,1
79,UGC 03974,07h41m55.4000s,+16d48m09.000s,115.48083333333,16.8025,0.000907,271.911759406,S1L,G,Radio,202,6,37,32,21,5,7,28,24,5
80,UGC 04115,07h57m01.8000s,+14d23m26.998s,119.2575,14.390833,0.001137,340.864024746,S1L,G,"Radio,Vis",154,3,23,35,19,3,7,23,5,6
81,UGC 04289,08h15m44.8603s,+58d19m15.762s,123.936918,58.3210451,0.027053878,8110.54858405212,SLS,G,"IR,Radio,UV,Vis",70,2,69,27,21,11,4,8,8,0
82,UGC 04426,08h28m28.4399s,+41d51m24.098s,127.1184999,41.856694,0.001321,396.025837018,S1L,G,Vis,172,6,34,38,19,6,5,21,38,3
83,NGC 2683,08h52m41.3033s,+33d25m18.672s,133.1720971,33.42185359,0.00137099996,411.015447926302,SUN,G,"IR,Radio,Xray",482,12,141,67,37,10,22,45,76,7
84,NGC 2758,09h05m31.2317s,-19d02m33.632s,136.3801324,-19.0426757,0.006538,1960.043090404,SUN,G,"IR,Radio",67,4,52,17,15,18,10,18,5,4
85,NGC 2768,09h11m37.5036s,+60d02m13.952s,137.906265,60.037209,0.004513,1352.963362954,UUN,G,"IR,Radio,Xray",514,14,115,55,43,7,18,36,31,8
86,NGC 2778,09h12m24.3789s,+35d01m39.154s,138.1015788,35.0275429,0.00683500012,2049.08148640509,SUN,G,"IR,UV,Xray",292,4,111,42,28,11,8,18,11,3
87,NGC 2865,09h23m30.2085s,-23d09m40.983s,140.875869,-23.1613843,0.00876300037,2627.08142037721,SUN,G,"IR,UV,Xray",218,11,93,28,24,20,17,25,6,1
88,ESO 498- G 005,09h24m40.6654s,-25d05m33.693s,141.1694395,-25.0926925,0.00809226494950717,2426.0,SUN,G,IR,52,2,47,16,11,19,1,4,5,1
89,NGC 2915,09h26m11.8348s,-76d37m35.960s,141.5493119,-76.6266558,0.001561,467.976026938,UUN,G,"IR,Radio",251,10,131,41,24,17,10,19,49,9
90,NGC 2902,09h30m52.8982s,-14d44m08.432s,142.7204095,-14.7356756,0.006655,1995.11880799,S1L,G,"IR,Radio",84,3,42,15,11,6,4,19,3,1
91,NGC 3056,09h54m32.8622s,-28d17m53.619s,148.636926,-28.2982275,0.003246,973.126318668,UUN,G,"IR,Radio,UV",90,5,52,20,16,19,6,18,7,2
92,NGC 3073,10h00m52.0747s,+55d37m07.645s,150.2169779,55.6187903,0.0037626564,1128.01601076543,SLS,G,"IR,UV,Vis",199,6,103,43,24,10,5,17,17,4
93,UGCA 196,10h03m41.7312s,-27d01m40.023s,150.9238801,-27.0277842,0.003186,955.138771188,S1L,G,"IR,Radio",80,3,56,26,18,18,13,24,8,4
94,NGC 3115B,10h05m41.6280s,-07d58m53.328s,151.42345,-7.98148,0.00227023723191862,680.599999999999,SLS,G,IR,84,1,39,23,12,7,3,8,4,1
95,NGC 3156,10h12m41.2619s,+03d07m45.771s,153.1719249,3.129381,0.004463,1337.973740054,UUN,G,"IR,UV,Vis",253,9,133,39,25,15,16,25,10,4
96,IC 0613,10h27m07.7908s,+11d00m38.569s,156.7824619,11.0107138,0.0323363,9694.1788596254,SLS,G,"IR,UV,Vis",69,0,85,25,20,11,2,3,2,2
97,NGC 3268,10h30m00.6492s,-35d19m31.614s,157.5027051,-35.3254485,0.00934000034,2800.06165964944,SUN,G,"IR,Radio,Vis",164,9,97,21,20,18,34,27,5,1
98,NGC 3259,10h32m34.8397s,+65d02m28.088s,158.1451658,65.0411358,0.005594,1677.039010052,S1L,G,"IR,Radio,Vis,Xray",188,8,106,44,38,15,22,41,20,3
99,NGC 3311,10h36m42.8028s,-27d31m41.232s,159.1783453,-27.5281201,0.0127588,3824.9920131304,UUN,G,"IR,Radio,UV,Xray",247,7,95,32,27,18,48,30,7,1
100,NGC 3348,10h47m10.0477s,+72d50m22.688s,161.7918656,72.8396358,0.00912931572147823,2736.9,SLS,G,"IR,Radio,Xray",153,5,46,26,19,7,11,19,4,2
101,NGC 3371,10h48m16.8986s,+12d37m45.481s,162.0704109,12.6293003,0.00234799995,703.912676394377,SUN,G,"IR,Xray",567,17,160,51,23,17,27,45,11,4
102,NGC 3414,10h51m16.2188s,+27d58m30.306s,162.8175786,27.9750852,0.004903,1469.882421574,UUN,G,"IR,Radio,UV,Xray",354,15,137,61,37,15,9,35,18,7
103,NGC 3455,10h54m31.0752s,+17d17m04.566s,163.62948,17.2846018,0.003686,1105.035000188,S1L,G,"IR,Radio,Vis",193,5,81,46,33,13,13,49,14,3
104,NGC 3489,11h00m18.5506s,+13d54m04.284s,165.0772942,13.9011901,0.00225799996,676.931358172302,SUN,G,"IR,UV,Xray",420,12,116,51,35,8,15,35,23,7
105,NGC 3550,11h10m38.6469s,+28d46m06.726s,167.6610288,28.768535,0.03444,10324.85225352,SUN,GPair,IR,59,3,31,9,21,5,0,9,2,0
106,NGC 3585,11h13m17.1051s,-26d45m17.451s,168.3212716,-26.7548477,0.00478299987,1433.90728764098,UUN,G,"IR,UV,Xray",297,8,119,36,20,21,18,19,10,1
107,NGC 3599,11h15m26.9571s,+18d06m37.526s,168.8623216,18.1104241,0.002799,839.119089942,UUN,G,"IR,UV,Xray",218,3,82,43,25,8,10,17,8,4
108,NGC 3607,11h16m54.6680s,+18d03m06.423s,169.2277834,18.0517842,0.003102,929.956204716,UUN,G,"IR,Radio,Xray",491,16,150,50,40,14,20,36,20,12
109,NGC 3608,11h16m58.9598s,+18d08m55.385s,169.245666,18.1487181,0.00418,1253.13247444,UUN,G,"IR,UV,Xray",544,16,176,61,37,14,20,35,18,4
110,NGC 3610,11h18m25.2709s,+58d47m10.370s,169.6052955,58.7862139,0.00569393910503246,1707.0,UUN,G,"IR,UV,Xray",302,8,115,35,21,11,15,36,15,5
111,IC 0712,11h34m49.3020s,+49d04m39.448s,173.7054252,49.0776247,0.033335,9993.58158743,SUN,G,"IR,Radio,UV,Vis,Xray",116,3,119,47,36,17,2,8,2,1
112,NGC 3818,11h41m57.3735s,-06d09m20.492s,175.4890566,-6.1556924,0.0056739999,1701.02237671275,SUN,G,"IR,UV",207,6,52,29,20,6,20,27,3,2
113,NGC 3842,11h44m02.1508s,+19d56m59.366s,176.008962,19.949824,0.0207943856946528,6234.0,SLS,G,"IR,Radio,UV,Vis,Xray",299,7,113,49,46,7,26,16,14,2
114,NGC 3870,11h45m56.6169s,+50d11m59.438s,176.485904,50.199844,0.002515,753.97803187,S1L,G,"IR,Radio,UV,Vis",197,3,182,48,38,16,5,24,40,6
115,NGC 3923,11h51m01.7118s,-28d48m21.386s,177.7571327,-28.8059408,0.005801,1739.096048858,SUN,G,"IR,Xray",378,8,124,41,33,22,20,28,21,1
116,NGC 4013,11h58m31.3081s,+43d56m50.687s,179.6304505,43.94741316,0.00277299993,831.324465048528,SUN,G,"IR,Radio,Vis,Xray",379,8,101,61,38,12,26,46,61,6
117,NGC 4033,12h00m34.7473s,-17d50m33.405s,180.1447808,-17.8426126,0.005394,1617.080518452,SUN,G,"IR,UV",113,5,62,21,15,18,16,31,5,1
118,IC 3019,12h09m22.2719s,+13d59m32.901s,182.3427999,13.9924725,0.005584,1674.041085472,UUN,G,"IR,UV,Vis",122,4,74,40,24,13,9,12,9,2
119,IC 3025,12h10m23.1168s,+10d11m19.032s,182.59632,10.18862,0.001611,482.965649838,UUN,G,"IR,Radio,UV,Vis",92,2,79,32,20,13,6,7,3,3
120,NGC 4150,12h10m33.6592s,+30d24m05.812s,182.6402467,30.4016146,0.000694,208.055965852,UUN,G,"IR,UV,Xray",320,17,150,44,21,7,8,25,20,7
121,NGC 4157,12h11m04.3615s,+50d29m06.014s,182.768173,50.485004,0.002572,771.066201976,S1L,G,"IR,Radio,Xray",404,4,106,55,29,8,31,58,67,6
122,IC 3032,12h11m07.7717s,+14d16m29.183s,182.7823824,14.2747732,0.003934,1179.383529772,UUN,G,"IR,UV,Vis",96,2,86,38,22,14,3,5,3,1
123,NGC 4163,12h12m09.1581s,+36d10m11.299s,183.038159066828,36.1698054552701,0.000547,163.986474526,UUN,G,UV,229,4,70,62,25,5,13,28,48,5
124,UGC 07242,12h14m08.3999s,+66d05m40.999s,183.5349999,66.094722,0.000226999997,68.0528870666226,SUN,G,Vis,88,5,20,25,10,5,4,11,23,1
125,NGC 4203,12h15m05.0459s,+33d11m50.519s,183.7710248,33.1973666,0.003623,1086.148075334,SUN,G,"IR,Radio,UV,Xray",474,20,201,67,42,9,11,48,31,5
126,UGC 07269,12h15m40.0916s,+15d00m19.055s,183.9170484,15.0052931,0.00361249915099599,1083.0,SUN,G,"IR,Vis",34,1,38,17,11,5,0,2,1,1
127,NGC 4216,12h15m54.3728s,+13d08m58.080s,183.9765537,13.1494669,0.000437,131.009304146,SUN,G,"IR,Radio,UV,Xray",448,12,122,62,37,9,18,47,35,8
128,VCC 0200,12h16m33.6981s,+13d01m54.104s,184.1404089,13.0316957,2.8278102e-05,8.47756170615472,SLS,G,"IR,UV,Vis",80,1,84,33,18,11,7,7,3,1
129,IC 3101,12h17m19.6547s,+11d56m36.367s,184.3318947,11.9434353,0.0047705104,1430.16303873056,SLS,G,"IR,UV,Vis",88,1,85,32,21,10,8,8,3,2
130,NGC 4261,12h19m23.2160s,+05d49m29.700s,184.8467335975,5.82491667305556,0.007261426,2176.92074912511,SLS,G,"IR,Radio,UV,Vis,Xray",1075,33,267,98,93,10,21,33,32,6
131,NGC 4262,12h19m30.5781s,+14d52m39.526s,184.877409,14.8776461,0.004533,1358.959212114,SUN,G,"IR,Xray",368,12,123,57,39,11,17,46,19,9
132,IC 0779,12h19m38.7357s,+29d52m59.908s,184.911399,29.883308,0.0007390706,221.567791809535,SLS,G,"IR,Vis",56,4,36,17,14,11,6,7,2,2
133,NGC 4267,12h19m45.2737s,+12d47m53.767s,184.9386407,12.7982686,0.003406,1021.093111948,UUN,G,"IR,UV,Xray",286,6,135,49,30,11,15,35,17,5
134,NGC 4278,12h20m06.8253s,+29d16m50.713s,185.02843911375,29.2807537430556,0.002165,649.05067157,SUN,G,"IR,Radio,UV,Vis,Xray",940,31,328,94,61,16,29,54,40,12
135,NGC 4291,12h20m18.2000s,+75d22m15.000s,185.07583333333,75.37083333333,0.005861,1757.083596338,SUN,G,"IR,Xray",322,6,42,32,21,7,17,25,13,2
136,UGC 07436,12h22m19.5405s,+14d45m38.717s,185.581419,14.7607548,0.003259,977.023620622,UUN,G,"IR,Vis",140,3,87,39,23,13,8,10,3,2
137,VCC 0571,12h22m41.1282s,+07d57m01.406s,185.6713675,7.9503908,0.003673436,1101.26840774569,SLS,G,"IR,UV,Vis",76,1,82,35,20,10,8,8,3,1
138,NGC 4318,12h22m43.2934s,+08d11m53.967s,185.6803892,8.1983243,0.00401303,1203.07612772774,SLS,G,"IR,Radio,UV,Vis",150,2,104,35,26,14,10,21,9,1
139,NGC 4340,12h23m35.2886s,+16d43m20.436s,185.897036,16.7223434,0.003112,932.954129296,UUN,G,"IR,UV",306,11,93,41,27,12,12,35,10,4
140,NGC 4350,12h23m57.8497s,+16d41m36.112s,185.9910404,16.6933646,0.004036,1209.962360488,UUN,G,"IR,UV,Xray",356,15,132,55,29,8,12,35,11,6
141,NGC 4352,12h24m05.0234s,+11d13m04.972s,186.0209309,11.2180478,0.0069481726,2083.00974236225,SLS,G,"IR,UV,Vis",187,1,122,45,32,16,9,19,10,3
142,NGC 4365,12h24m28.2845s,+07d19m03.622s,186.11785208333,7.31767277778,0.004146,1242.939530868,UUN,G,"IR,UV,Xray",725,16,149,62,50,7,48,51,42,6
143,IC 3292,12h24m48.3675s,+18d11m42.526s,186.2015316,18.1951461,0.002308,691.920993064,UUN,G,"IR,UV,Vis,Xray",96,1,61,35,16,6,7,8,3,0
144,NGC 4371,12h24m55.4252s,+11d42m14.999s,186.2309385,11.7041666,0.003112,932.954129296,UUN,G,"IR,UV,Xray",355,9,108,56,28,8,16,30,19,5
145,NGC 4377,12h25m12.3374s,+14d45m43.849s,186.3014062,14.7621804,0.004463,1337.973740054,UUN,G,"IR,Xray",261,8,82,42,27,7,15,34,9,3
146,NGC 4379,12h25m14.7510s,+15d36m26.794s,186.3114627,15.6074429,0.003582,1073.856584556,UUN,G,"IR,UV,Xray",252,5,104,44,25,8,15,30,13,4
147,NGC 4387,12h25m41.6778s,+12d48m38.101s,186.4236575,12.8105836,0.001793675,537.73023710315,SLS,G,"IR,Vis,Xray",416,12,186,43,33,16,16,30,31,5
148,IC 3328,12h25m57.9196s,+10d03m13.953s,186.491332,10.0538759,0.003338,1000.707224804,UUN,G,"IR,UV,Vis",166,1,104,51,28,14,10,13,3,1
149,VCC 0871,12h26m05.6448s,+12d33m34.653s,186.52352,12.559626,0.008284859,2483.73824379342,SLS,G,"UV,Vis",54,1,37,18,12,7,1,3,1,1
150,IC 3349,12h26m47.0783s,+12d27m14.259s,186.6961599,12.4539609,0.004643,1391.936382494,UUN,G,"IR,UV,Vis",95,0,79,31,23,12,1,4,3,2
151,NGC 4417,12h26m50.6199s,+09d35m03.481s,186.7109166,9.5843004,0.002762,828.026768996,UUN,G,"IR,Xray",301,6,101,49,31,8,16,30,15,4
152,IC 3363,12h27m03.0813s,+12d33m39.029s,186.7628388,12.5608414,0.0027700192,830.430864675194,SLS,G,"IR,UV,Vis",69,0,76,25,19,12,0,3,5,1
153,NGC 4431,12h27m27.3872s,+12d17m24.753s,186.8641137,12.2902094,0.003102,929.956204716,UUN,G,"IR,UV,Vis",181,3,68,40,22,10,4,17,13,1
154,NGC 4434,12h27m36.6869s,+08d09m15.797s,186.9028623,8.1543881,0.003569,1069.959282602,UUN,G,"IR,UV,Xray",275,2,117,44,27,11,20,27,11,2
155,UGC 07580,12h27m54.8421s,+08d05m25.612s,186.9785089,8.0904478,0.002024605,606.96130942909,SLS,G,"IR,UV,Vis",87,1,96,34,21,12,8,9,3,2
156,NGC 4442,12h28m03.9045s,+09d48m13.302s,187.0162691,9.8036952,0.001825,547.12123585,UUN,G,"IR,UV,Xray",328,4,109,54,29,8,16,32,22,5
157,IC 0794,12h28m08.5965s,+12d05m35.739s,187.035819,12.093261,0.006408,1921.070070864,UUN,G,"IR,UV,Vis",126,2,74,36,25,14,1,6,13,2
158,IC 3383,12h28m12.3216s,+10d17m51.439s,187.05134,10.297622,0.006030148,1807.79289102378,SLS,G,"IR,UV,Vis",102,1,71,33,20,11,7,7,3,1
159,IC 3381,12h28m14.9003s,+11d47m22.990s,187.0620848,11.7897196,0.002197,658.644030226,UUN,G,"IR,UV,Vis",168,4,105,49,29,15,11,15,12,1
160,NGC 4449,12h28m11.1237s,+44d05m37.197s,187.046349,44.093666,0.00069,206.85679602,SUN,G,"IR,Radio,Xray",852,22,154,75,36,12,15,49,72,8
161,IC 3388,12h28m28.0600s,+12d49m25.233s,187.1169168,12.8236759,0.00569794187417483,1708.2,SUN,G,"IR,UV,Vis",81,0,70,26,20,10,4,6,2,2
162,NGC 4452,12h28m43.2960s,+11d45m18.196s,187.1804001,11.7550547,0.00053980894,161.830648972975,SLS,G,"IR,UV,Vis",219,4,122,39,23,15,5,25,16,5
163,NGC 4458,12h28m57.5592s,+13d14m30.892s,187.2398302,13.2419146,0.002258,676.931370164,UUN,G,"IR,Vis",433,11,171,47,32,11,30,41,31,3
164,NGC 4459,12h29m00.0386s,+13d58m42.879s,187.2501611,13.9785776,0.003976,1191.974813008,UUN,G,"IR,UV,Xray",561,17,178,69,40,10,18,34,23,5
165,NGC 4464,12h29m21.3067s,+08d09m23.956s,187.3387783,8.1566547,0.0041459999,1242.93950088875,SUN,G,"IR,UV,Xray",252,6,124,38,21,15,10,21,3,1
166,NGC 4473,12h29m48.8798s,+13d25m45.910s,187.4536659,13.4294195,0.00748499995,2243.94653314038,SUN,G,"IR,UV,Xray",665,16,193,67,50,7,35,39,42,6
167,NGC 4474,12h29m53.5558s,+14d04m06.981s,187.4731494,14.0686059,0.005374,1611.084669292,UUN,G,"IR,UV",295,5,103,49,35,12,11,31,10,3
168,NGC 4476,12h29m59.0812s,+12d20m55.469s,187.4961718,12.3487415,0.00653752270178858,1959.9,SUN,G,"IR,Radio,UV,Vis,Xray",348,11,176,56,34,15,16,35,20,1
169,NGC 4482,12h30m10.3269s,+10d46m46.118s,187.5430288,10.7794774,0.006089,1825.436276762,UUN,G,"IR,UV,Vis",184,2,97,47,32,15,11,20,9,1
170,NGC 4478,12h30m17.4188s,+12d19m43.190s,187.5725785,12.3286641,0.00449999981,1349.06600403943,SUN,G,"IR,UV,Xray",494,10,135,50,31,11,37,45,23,4
171,NGC 4479,12h30m18.3777s,+13d34m39.539s,187.5765739,13.5776498,0.002827,847.513278766,SLS,G,"IR,UV,Vis,Xray",221,2,147,45,31,16,10,20,13,5
172,NGC 4483,12h30m40.6460s,+09d00m56.410s,187.6693587,9.0156697,0.0029470949,883.516824030264,SLS,G,"IR,Radio,UV,Vis",194,3,116,40,27,16,10,22,9,4
173,IC 3437,12h30m45.9078s,+11d20m35.469s,187.6912827,11.3431859,0.005799665,1738.69582592657,SLS,G,"IR,UV,Vis",66,0,65,25,14,8,0,2,3,0
174,NGC 4489,12h30m52.2485s,+16d45m31.768s,187.7177022,16.7588246,0.0031348628,939.808224304762,SLS,G,"IR,UV,Vis",270,3,110,47,31,12,20,30,8,2
175,NGC 4486A,12h30m57.7344s,+12d16m13.508s,187.74056,12.270419,0.002528,757.875333824,UUN,G,"IR,UV,Vis,Xray",202,9,73,39,22,7,7,15,2,1
176,IC 3442,12h31m20.2006s,+14d06m55.508s,187.8341694,14.1154189,0.004153,1245.038078074,UUN,G,"IR,UV,Vis,Xray",114,2,80,37,17,7,8,9,8,1
177,NGC 4494,12h31m24.1039s,+25d46m30.907s,187.85043291667,25.77525194444,0.004476,1341.871042008,UUN,G,"IR,Xray",472,15,113,50,36,7,32,41,17,5
178,IC 3457,12h31m51.3427s,+12d39m25.171s,187.963928,12.656992,0.00432599988,1296.9021373329,SUN,G,"IR,UV",104,3,57,26,16,8,0,4,12,1
179,IC 3461,12h32m02.7373s,+11d53m24.323s,188.0114058,11.8900899,0.00336,1007.30265888,UUN,G,"IR,UV,Vis",143,1,95,41,24,14,9,14,2,1
180,IC 3468,12h32m14.2605s,+10d15m05.360s,188.059419,10.251489,0.00433633323757598,1300.0,SLS,G,"IR,UV,Vis",148,1,88,47,30,15,10,15,9,1
181,IC 3470,12h32m23.4047s,+11d15m46.610s,188.0975198,11.2629474,0.004968,1489.368931344,UUN,G,"IR,UV,Vis,Xray",138,1,109,48,26,14,8,11,3,2
182,IC 0798,12h32m33.4101s,+15d24m55.515s,188.1392089,15.415421,0.0014296122,428.586955424788,SLS,G,"IR,UV,Vis",110,1,73,40,23,6,7,8,3,1
183,NGC 4515,12h33m04.9748s,+16d15m55.927s,188.2707287,16.2655353,0.0031842524,954.614853888399,SLS,G,"IR,UV,Vis",161,2,92,33,20,10,9,16,4,1
184,IC 3487,12h33m13.4497s,+09d23m49.876s,188.3060405,9.397188,0.00358247838242815,1074.0,SLS,G,"IR,UV,Vis",91,1,88,33,19,11,6,6,3,1
185,IC 3490,12h33m13.9287s,+10d55m42.910s,188.3080365,10.9285863,0.00089394895,267.999153047019,SLS,G,"IR,UV,Vis",80,1,54,25,17,6,6,8,1,1
186,UGC 07707,12h33m18.4739s,+17d27m34.006s,188.3269747,17.4594462,0.0038772833,1162.38029086935,SLS,G,"IR,UV,Vis",27,1,37,15,8,5,0,2,1,0
187,VCC 1514,12h33m37.6994s,+07d52m15.853s,188.4070812,7.8710705,0.001795,538.12746211,SUN,G,IR,43,0,21,18,12,2,0,2,2,1
188,IC 3501,12h33m51.6208s,+13d19m20.772s,188.4650868,13.3224369,0.005388,1615.281763704,UUN,G,"IR,UV,Vis",115,1,100,39,24,12,8,8,3,1
189,NGC 4526,12h34m03.0285s,+07d41m56.904s,188.512619,7.69914,0.002058,616.972878564,UUN,G,"IR,Radio,UV,Xray",844,14,145,68,53,8,37,52,36,6
190,NGC 4528,12h34m06.0679s,+11d19m16.507s,188.525283,11.3212521,0.004597,1378.145929426,UUN,G,"IR,UV,Xray",211,3,121,45,23,10,13,20,14,2
191,IC 3509,12h34m11.5395s,+12d02m56.167s,188.5480813,12.0489353,0.00691511725755289,2073.1,UUN,G,"IR,Vis",124,1,84,38,24,10,8,9,3,1
192,IC 3540,12h35m27.2630s,+12d45m00.901s,188.8635961,12.7502503,0.0024633987,738.508351307005,SLS,G,"IR,Radio,UV,Vis",80,2,65,28,18,9,0,5,3,1
193,NGC 4550,12h35m30.5872s,+12d13m15.007s,188.877447,12.2208355,0.001531,458.982253198,UUN,G,"IR,UV,Xray",492,14,204,64,36,12,22,34,41,7
194,NGC 4551,12h35m37.9780s,+12d15m50.202s,188.9082418,12.2639451,0.003923,1176.085812734,UUN,G,"IR,UV",386,7,150,47,32,10,21,37,29,4
195,NGC 4565,12h36m20.7710s,+25d59m15.678s,189.086546,25.98768858,0.004276,1281.912550408,S1L,G,"IR,Radio,Xray",763,22,188,75,43,8,34,58,66,9
196,NGC 4564,12h36m26.9913s,+11d26m21.266s,189.1124641,11.4392408,0.0038089999,1141.90944254275,SUN,G,"IR,UV,Xray",618,15,154,60,45,8,29,40,23,4
197,NGC 4570,12h36m53.3732s,+07d14m47.637s,189.2223887,7.246566,0.005961,1787.062842138,UUN,G,"IR,UV,Xray",353,11,125,53,29,8,14,33,14,5
198,IC 3586,12h36m54.8535s,+12d31m12.550s,189.2285564,12.5201528,0.005726,1716.611614508,UUN,G,"IR,UV,Vis",116,1,87,46,26,12,7,8,3,1
199,NGC 4578,12h37m30.5560s,+09d33m18.248s,189.377317,9.555069,0.007645,2291.91334141,UUN,G,"IR,UV",313,6,88,46,27,8,22,31,14,4
200,NGC 4589,12h37m25.0125s,+74d11m30.968s,189.3542191,74.1919357,0.00660456908492341,1980.0,UUN,G,"IR,Radio,UV,Xray",292,14,141,48,29,8,15,24,10,3
201,VCC 1743,12h38m06.8049s,+10d04m56.446s,189.5283541,10.0823462,0.004266,1278.914625828,SUN,G,"IR,UV,Vis",86,1,78,28,15,10,3,3,2,1
202,IC 3612,12h39m04.7128s,+14d43m52.722s,189.769637,14.7313117,0.004172,1250.734134776,SLS,G,"IR,Vis",84,3,71,30,16,11,2,3,2,2
203,IC 3635,12h40m13.4018s,+12d52m29.695s,190.055841,12.8749153,0.00520503,1560.42873766374,SLS,G,"IR,UV,Vis",94,1,82,34,21,11,8,11,9,1
204,IC 3633,12h40m11.2656s,+09d53m45.981s,190.04694,9.896106,0.006580224,1972.70152715059,SLS,G,"IR,UV,Vis",93,1,75,33,20,10,3,3,2,1
205,NGC 4605,12h39m59.2733s,+61d36m33.400s,189.9969724,61.609278,0.000524203,157.152105860974,SLS,G,"IR,Radio,Vis",345,11,120,46,26,8,11,31,49,7
206,VCC 1833,12h40m19.6862s,+15d56m07.372s,190.0820261,15.9353811,0.0056877355,1705.14020599886,SLS,G,"IR,UV,Vis",81,1,79,33,20,11,7,7,3,1
207,IC 3647,12h40m53.1199s,+10d28m31.310s,190.221333,10.475364,0.002115,634.06104867,SUN,G,,79,2,21,22,11,8,0,4,8,0
208,IC 3651,12h40m52.8941s,+26d43m41.268s,190.2203923,26.72813,0.015743079,4719.65634989818,SLS,G,"IR,UV,Vis",63,1,56,18,13,10,2,5,2,1
209,IC 3652,12h40m58.5803s,+11d11m04.232s,190.2440846,11.1845089,0.0021,629.5641618,UUN,G,"IR,UV,Vis",139,1,93,46,25,14,8,11,3,1
210,IC 3653,12h41m15.7383s,+11d23m14.080s,190.3155763,11.3872445,0.0018585534,557.180292110257,SLS,G,"IR,UV,Vis",129,1,92,35,22,13,8,12,3,1
211,IC 3658,12h41m20.6352s,+14d42m01.969s,190.33598,14.700547,8.1931445e-05,24.5624292840418,SLS,G,"IR,UV,Vis",49,0,27,18,11,4,0,2,3,1
212,IC 3663,12h41m39.4086s,+12d14m50.881s,190.4142026,12.2474672,0.0030923213,927.054603452755,SLS,G,"IR,Vis",82,1,62,29,18,8,6,7,2,1
213,NGC 4612,12h41m32.7571s,+07d18m53.470s,190.3864879,7.3148528,0.005921,1775.071143818,UUN,G,"IR,Xray",244,9,127,46,29,10,11,32,16,4
214,UGC 07854,12h41m52.0923s,+09d24m12.290s,190.4670513,9.4034139,0.003236,970.128394088,UUN,G,"IR,Vis",90,1,43,31,14,3,3,3,3,1
215,IC 0809,12h42m08.6596s,+11d45m15.508s,190.536082,11.754308,0.000653,195.764475074,UUN,G,"IR,UV,Vis",125,1,58,38,24,10,8,12,9,1
216,NGC 4623,12h42m10.6925s,+07d40m37.141s,190.5445522,7.6769838,0.006027,1806.849144366,UUN,G,IR,221,4,81,36,22,8,14,24,14,2
217,NGC 4636,12h42m49.8264s,+02d41m16.080s,190.70761,2.6878,0.00312900008,938.050625065397,SUN,G,"IR,Radio,UV,Xray",881,21,167,74,75,11,36,46,33,12
218,IC 3693,12h42m58.0524s,+10d40m55.447s,190.7418853,10.6820686,0.005371675,1610.38765182715,SLS,G,"IR,Vis",68,2,24,22,16,0,2,2,1,0
219,NGC 4660,12h44m31.9820s,+11d11m25.846s,191.1332584,11.190513,0.003612,1082.850358296,UUN,G,"IR,UV,Xray",420,11,181,58,34,7,29,36,36,6
220,IC 3735,12h45m20.4163s,+13d41m33.334s,191.335068,13.692593,0.006066261,1818.61929605954,SLS,G,"IR,Vis",104,1,52,33,18,9,8,9,3,0
221,NGC 4673,12h45m34.6712s,+27d03m39.007s,191.3944635,27.0608353,0.0228560008,6852.05665988197,SUN,G,"IR,UV",109,4,59,21,18,10,1,9,2,2
222,IC 3773,12h47m15.3045s,+10d12m13.049s,191.813769,10.2036249,0.0036235284,1086.30648566881,SLS,G,"IR,UV,Vis",147,2,66,37,20,10,5,15,9,0
223,IC 3779,12h47m20.6664s,+12d09m58.938s,191.83611,12.1663717,0.0038863034,1165.08444881976,SLS,G,"IR,UV,Vis",96,1,87,34,19,10,7,8,3,1
224,NGC 4697,12h48m35.8882s,-05d48m02.310s,192.1495343,-5.8006418,0.00413999986,1241.14073414906,SUN,G,"IR,Xray",711,17,160,53,44,8,25,30,16,2
225,NGC 4754,12h52m17.5066s,+11d18m49.852s,193.0729442,11.3138478,0.004506,1350.864815748,UUN,G,"IR,UV,Xray",323,10,141,50,24,12,18,35,23,5
226,NGC 4762,12h52m55.9838s,+11d13m51.538s,193.233266,11.230983,0.003289,986.017394362,UUN,G,"IR,Xray",415,9,108,45,31,8,12,35,24,5
227,NGC 4816,12h56m12.1498s,+27d44m43.791s,194.0506245,27.7454976,0.0230616,6913.6937494128,SLS,G,"IR,UV",160,3,84,38,28,11,6,11,5,2
228,NGC 4839,12h57m24.3589s,+27d29m52.308s,194.3514957,27.4978634,0.0244769333056404,7338.0,SLS,G,"IR,Radio,UV,Vis,Xray",373,7,128,73,56,14,11,16,12,2
229,NGC 4840,12h57m32.8353s,+27d36m37.101s,194.386814,27.6103059,0.0201272575042565,6034.0,SLS,G,"IR,Radio,UV,Vis,Xray",150,1,111,41,38,14,2,4,2,1
230,NGC 4980,13h09m09.9984s,-28d38m30.588s,197.29166,-28.64183,0.004767,1429.110647286,SUN,G,"IR,Radio,Vis",77,3,61,29,23,18,4,8,8,3
231,ESO 269- G 058,13h10m33.2537s,-46d59m24.857s,197.638557228231,-46.9902380441205,0.00133425638079261,400.000000000001,UUN,G,"IR,UV",86,3,35,21,11,17,6,10,5,0
232,ESO 269- G?066,13h13m08.8000s,-44d53m24.000s,198.28666666667,-44.89,0.002615,783.95727767,SUN,G,,61,3,9,18,8,14,7,9,3,0
233,NGC 5018,13h13m01.0462s,-19d31m05.507s,198.2543592,-19.5181965,0.00939300004,2815.9505699857,UUN,G,"IR,UV,Xray",374,15,141,46,32,20,24,40,12,2
234,NGC 5102,13h21m57.6070s,-36d37m48.878s,200.49002916667,-36.63024388889,0.00155574294000418,466.4,SUN,G,"IR,Radio,Xray",353,9,94,34,29,18,19,38,21,5
235,ESO 509- G 008,13h26m44.1128s,-27d26m21.391s,201.6838034,-27.4392753,0.0352080017,10555.0933709112,SUN,G,"IR,Radio",62,1,36,18,17,17,3,5,4,1
236,ESO 444- G 046,13h27m56.8723s,-31d29m43.989s,201.986968,-31.4955525,0.046902,14060.865865116,SUN,G,"IR,Radio,UV,Xray",97,3,97,26,27,21,2,5,4,1
237,NGC 5170,13h29m48.7861s,-17d57m59.152s,202.4532754,-17.9664312,0.00500599993,1500.76102376253,UUN,G,"IR,Radio,Xray",187,11,99,34,24,19,24,36,14,3
238,IC 4296,13h36m39.0330s,-33d57m57.073s,204.1626375,-33.9658536111,0.012465,3736.91298897,UUN,G,"IR,Radio,UV,Xray",486,20,214,62,45,24,19,27,20,0
239,NGC 5237,13h37m39.1658s,-42d50m50.515s,204.413191,-42.8473654,0.001204,360.950119432,UUN,G,"IR,Radio",109,7,41,27,20,16,8,18,8,1
240,ESO 383- G 076,13h47m28.3821s,-32d51m54.017s,206.8682591,-32.8650049,0.0385829993,11566.8921971593,SUN,G,"IR,Radio,Xray",66,3,56,15,16,17,1,6,5,1
241,IC 4329,13h49m05.2969s,-30d17m44.786s,207.2720706,-30.295774,0.0151399998,4538.85775416151,SUN,G,"IR,UV,Xray",203,6,111,23,21,18,20,19,5,1
242,NGC 5322,13h49m15.2850s,+60d11m25.924s,207.3136877,60.1905346,0.005937,1779.867823146,UUN,G,"IR,Radio,UV,Xray",413,9,148,50,28,9,20,32,23,7
243,NGC 5557,14h18m25.7456s,+36d29m36.863s,214.6072737,36.4935732,0.010737,3218.871621546,UUN,G,"IR,UV",242,6,80,45,23,11,15,21,12,5
244,ESO 223- G 009,15h01m08.6000s,-48d17m30.600s,225.28583333333,-48.29183333333,0.00196135687976513,587.999999999999,UUN,G,"IR,Radio",81,3,21,16,13,5,5,16,6,2
245,NGC 5813,15h01m11.2416s,+01d42m07.128s,225.29684,1.70198,0.006525,1956.14578845,UUN,G,"IR,Radio,UV,Xray",586,16,231,62,53,14,17,30,26,4
246,NGC 5845,15h06m00.7834s,+01d38m01.699s,226.5032645,1.6338054,0.00555,1663.8481419,SUN,G,"IR,UV,Xray",366,10,131,47,33,14,4,17,10,2
247,ESO 274- G 001,15h14m13.4160s,-46d48m33.120s,228.5559,-46.8092,0.001741,521.938669378,UUN,G,"IR,Radio",115,3,48,30,19,16,11,18,12,2
248,UGC 09799,15h16m44.5070s,+07d01m18.078s,229.1854459,7.0216884,0.034547273,10357.011889867,SLS,G,"IR,Radio,UV,Vis,Xray",483,13,171,66,59,14,5,16,11,5
249,UGC 09958,15h39m39.0618s,+21d46m57.616s,234.9127578,21.7826711,0.041897718,12560.6198638108,SLS,G,"IR,UV,Vis,Xray",89,1,66,30,19,12,5,9,9,0
250,NGC 5982,15h38m39.8470s,+59d21m21.066s,234.6660295,59.3558517,0.0100640003,3017.11138724974,SUN,G,"IR,UV,Xray",315,15,136,37,27,11,21,29,10,4
251,UGC 10012,15h44m59.0550s,+36d06m34.361s,236.2460626,36.1095449,0.06629,19873.24204082,SUN,G,"IR,UV,Vis",70,1,46,24,17,11,2,4,8,0
252,NGC 6039,16h04m39.5784s,+17d42m03.035s,241.1649101,17.7008432,0.03561309,10676.5357880752,SLS,G,"IR,Vis,Xray",73,0,81,20,23,10,2,7,8,1
253,NGC 6086,16h12m35.5454s,+29d29m05.284s,243.1481059,29.4848013,0.031308993103489,9386.20000000002,SLS,G,"IR,Radio,UV,Xray",207,6,83,31,34,12,10,12,10,0
254,ESO 137- G 018,16h20m58.5532s,-60d29m28.496s,245.243972,-60.491249,0.002018,604.981180244,UUN,G,"IR,Radio",71,3,31,23,14,14,5,10,9,2
255,NGC 6160,16h27m41.1202s,+40d55m37.106s,246.9213345,40.926974,0.031727713,9511.72906698855,SLS,G,"IR,Radio,Vis,Xray",110,3,65,30,22,10,8,10,8,1
256,SN 2009fv HOST,16h29m44.8867s,+40d48m42.021s,247.4370282,40.8116727,0.0293369621726775,8795.00000000001,SLS,G,"IR,Radio,Vis,Xray",203,6,124,53,53,19,15,16,11,2
257,NGC 6384,17h32m24.2834s,+07d03m37.757s,263.1011809,7.0604882,0.00555399992,1665.0472877486,SUN,G,"IR,Radio",362,14,91,33,33,8,23,40,27,4
258,NGC 6482,17h51m48.7777s,+23d04m18.696s,267.9532405,23.0718602,0.0128208695630362,3843.60000000001,SLS,G,"IR,Xray",208,8,105,44,30,9,3,8,13,2
259,NGC 6703,18h47m18.8182s,+45d33m02.416s,281.8284093,45.5506711,0.007565,2267.92994477,S1L,G,IR,237,7,91,33,25,8,19,22,5,5
260,ESO 185-IG 013,19h45m00.5167s,-54d15m02.778s,296.252153,-54.2507718,0.018633,5586.032869914,SLS,G,"IR,Radio,UV",52,1,63,13,7,12,0,2,5,2
261,ESO 461- G 036,20h03m57.3000s,-31d40m53.600s,300.98875,-31.68155555556,0.001425,427.20425265,S1L,G,Radio,61,2,19,20,11,10,3,6,6,0
262,NGC 6946,20h34m52.3236s,+60d09m14.094s,308.718015,60.153915,0.000133425638079261,40.0000000000001,UUN,G,"IR,Radio,Xray",1947,30,264,113,53,12,32,57,134,60
263,NGC 7014,21h07m52.1460s,-47d10m44.132s,316.9672753,-47.1789256,0.0162010007,4856.93782191272,SUN,G,IR,110,6,60,14,15,17,18,20,5,1
264,NGC 7049,21h19m00.2764s,-48d33m43.498s,319.7511517,-48.562083,0.00762199983,2285.01806391128,SUN,G,"IR,Radio,UV,Xray",159,6,95,24,17,17,9,21,10,0
265,NGC 7173,22h02m03.1723s,-31d58m25.313s,330.513218,-31.9736981,0.00832900032,2496.97147861559,SUN,G,"IR,Xray",145,5,77,23,22,18,17,20,6,1
266,IC 5176,22h14m55.8990s,-66d50m58.348s,333.7329125,-66.8495412,0.005831,1748.089822598,UUN,G,"IR,Radio",109,1,69,26,19,16,27,31,15,3
267,SN 2014C HOST,22h37m04.0624s,+34d24m56.721s,339.266927,34.415756,0.00272188301681692,816.0,UUN,G,"IR,Radio,Xray",1112,30,280,95,59,8,54,66,127,17
268,NGC 7332,22h37m24.5463s,+23d47m53.773s,339.3522763,23.7982705,0.003993,1197.071284794,UUN,G,"IR,Radio,UV",359,11,92,35,26,8,14,24,10,4
269,NGC 7457,23h00m59.9105s,+30d08m41.854s,345.2496274,30.1449596,0.002815,843.91576927,UUN,G,"IR,UV,Xray",426,16,124,46,34,7,12,16,15,4
270,NGC 7626,23h20m42.5340s,+08d13m00.958s,350.1772251,8.2169329,0.0113580003,3405.04282790174,SUN,G,"IR,Radio,Vis,Xray",463,21,133,45,38,11,39,25,13,2
271,NGC 7768,23h50m58.5460s,+27d08m50.415s,357.7439418,27.1473376,0.026708477102516,8006.99999999999,SLS,G,IR,193,5,56,20,25,7,9,17,2,0
272,NGC 7793,23h57m49.7301s,-32d35m27.579s,359.4572088,-32.5909942,0.000748517829624653,224.4,SUN,G,"IR,Radio,Xray",935,16,227,91,49,19,49,54,123,28
273,NGC 3226,10h23m27.0060s,+19d53m54.814s,155.8625253,19.8985595,0.004386,1314.889720788,UUN,G,"IR,Radio,Xray",406,16,160,56,38,15,11,32,34,5
274,NGC 4435,12h27m40.5053s,+13d04m44.486s,186.9187721,13.07902392,0.002638,790.852504204,UUN,G,"IR,Radio,Xray",450,12,190,67,32,14,14,30,26,5
275,MESSIER 060,12h43m39.9948s,+11d33m09.402s,190.9166453,11.5526118,0.003703,1110.131471974,UUN,G,"IR,Radio,Xray",1092,19,192,82,67,15,46,59,41,6
276,MESSIER 051,13h29m56.2000s,+47d13m50.000s,202.48416666667,47.23055555556,0.002,599.584916,SLS,GPair,"IR,Radio",844,11,37,7,7,0,50,3,74,1
277,UGC 08638,13h39m19.5000s,+24d46m30.800s,204.83125,24.77522222222,0.000914999982,274.310093673736,SUN,G,,88,3,27,28,16,4,4,10,17,3
278,MESSIER 101,14h03m12.5441s,+54d20m56.220s,210.80226708333,54.34895,0.000804,241.033136232,S1L,G,"IR,Radio,Vis,Xray",2016,28,206,105,50,13,116,132,147,14
279,UGC 10143,16h02m17.0215s,+15d58m29.184s,240.5709232,15.9747734,0.03534802,10597.0698012332,SLS,G,"IR,Radio,UV,Vis",127,4,74,28,30,11,7,11,9,2
280,NGC 6041A,16h04m35.8151s,+17d43m17.914s,241.1492297,17.7216428,0.0350876,10518.9978493208,SLS,G,"IR,UV,Vis,Xray",75,2,82,23,19,9,9,9,3,1
281,NGC 7727,23h39m53.7986s,-12d17m34.407s,354.974160871972,-12.2928909008611,0.00598714194471163,1794.9,UUN,G,"IR,Xray",211,7,64,28,18,7,5,26,26,3
282,NGC 1380,03h36m27.5701s,-34d58m33.721s,54.1148758,-34.9760337,0.0062643337078213,1878.0,UUN,G,"IR,UV,Xray",540,8,134,44,26,23,39,46,21,2
283,NGC 1380A,03h36m47.4854s,-34d44m22.494s,54.1978561,-34.7395817,0.0053070047546026,1591.0,UUN,G,"IR,UV",147,5,63,32,24,20,10,18,7,1
284,NGC 1380B,03h37m08.9651s,-35d11m41.987s,54.2873549,-35.1949966,0.00598413986785485,1794.0,UUN,G,"IR,UV,Xray",138,4,96,32,16,20,9,14,7,0
285,NGC 3258,10h28m53.5569s,-35d36m19.878s,157.2231539,-35.6055219,0.0096,2878.0075968,SUN,G,"IR,Radio,UV,Vis",192,7,81,24,21,19,37,29,6,1
286,NGC 3377,10h47m42.3314s,+13d59m09.297s,161.92638083333,13.98591583333,0.00221386489983014,663.700000000001,SST,G,"IR,Xray",710,16,132,56,39,13,39,45,21,4
287,NGC 3557,11h09m57.6396s,-37d32m21.037s,167.490165,-37.539177,0.01027,3078.86854366,SUN,G,"IR,Radio,UV,Xray",286,13,150,43,35,23,20,21,9,2
288,UGC 07399A,12h20m48.7569s,+17d29m14.139s,185.203154,17.487261,0.004711,1412.322269638,UUN,G,,99,1,19,28,14,2,8,10,2,0
289,NGC 4486B,12h30m31.9695s,+12d29m24.596s,187.6332065,12.4901658,0.00518700015,1555.02352461487,SUN,G,"IR,UV,Xray",311,9,120,45,30,13,10,22,11,2
290,MESSIER 087,12h30m49.4233s,+12d23m28.043s,187.705930779167,12.3911232583333,0.004283,1284.011097614,UUN,G,"Gamma,IR,Radio,UV,Vis,Xray",3579,55,506,135,142,14,118,96,194,21
291,NGC 4437,12h32m45.5531s,+00d06m55.109s,188.1898049,0.1153083,0.003756,1126.020472248,S1L,G,"IR,Radio,Xray",327,6,91,68,41,7,27,45,24,7
292,NGC 4638,12h42m47.4334s,+11d26m33.099s,190.6976395,11.4425276,0.003843,1152.102416094,UUN,G,"IR,Xray",304,9,127,48,27,15,16,28,13,5
293,NGC 5193,13h31m53.5357s,-33d14m03.441s,202.9730654,-33.2342893,0.012379,3711.130837582,SUN,G,"IR,UV,Xray",121,5,58,22,21,17,18,28,5,1
294,NGC 5846,15h06m29.2320s,+01d36m22.644s,226.6218,1.60629,0.005711,1712.114727638,UUN,G,"IR,Radio,UV,Xray",774,23,189,69,77,11,24,44,21,6
295,NGC 5866,15h06m29.4988s,+55d45m47.568s,226.62291166667,55.76321333333,0.002518,754.877409244,UUN,G,"IR,Radio,Xray",579,24,277,79,51,7,11,36,92,12
296,UGC 10187 NED01,16h05m26.4408s,+16d26m33.792s,241.36017,16.44272,0.0457420014,13713.1070335454,SUN,G,UV,41,0,4,12,17,1,3,6,1,0
297,UGC 10187 NED02,16h05m29.1872s,+16d26m09.140s,241.3716137,16.4358723,0.0440669991,13210.9539768728,SUN,G,"IR,Radio",66,1,60,18,20,10,3,7,8,0
298,NGC 6166,16h28m38.2450s,+39d33m04.233s,247.1593541666,39.5511758333,0.030354,9099.900270132,SUN,G,"Radio,Xray",674,26,190,43,50,9,20,22,15,15
299,NGC 6861,20h07m19.4707s,-48d22m12.445s,301.8311281,-48.3701236,0.00943700038,2829.14154006713,UUN,G,"IR,Radio,UV,Xray",197,6,111,34,27,20,10,19,10,1
300,NGC 7720,23h38m29.3830s,+27d01m53.258s,354.6224291666,27.0314605555,0.030221,9060.027873218,SUN,GPair,"IR,Radio,UV,Vis,Xray",486,18,138,44,45,5,30,30,15,3
301,UGC 03274 NED05,05h16m37.3496s,+06d26m27.202s,79.1556236,6.4408896,0.0272749998,8176.83923199151,SUN,G,"IR,Xray",23,1,13,10,4,0,0,3,2,0
302,CGCG 065-015,10h23m23.7559s,+12d50m06.305s,155.8489831,12.8350848,0.032457,9730.363809306,SUN,G,"IR,UV,Vis",61,0,67,27,20,8,2,2,2,1
303,NGC 4886,13h00m04.4533s,+27d59m15.338s,195.0185558,27.987594,0.0212513685050743,6371.00000000001,SLS,G,"IR,UV,Vis,Xray",176,3,78,34,33,6,10,7,1,0
304,NGC 4886:[WLQ2016] X0001,13h00m08.1308s,+27d58m36.907s,195.0338787,27.9769186,0.0215,6445.537847,SLS,G,"IR,Radio,Vis,Xray",593,12,214,68,60,15,72,37,26,3
305,NGC 4926,13h01m53.7321s,+27d37m27.941s,195.4738841,27.6244283,0.0262256,7862.2370865248,SLS,G,"IR,UV,Vis,Xray",197,4,110,44,35,10,9,15,18,5
306,NGC 0474,01h20m06.6862s,+03d24m55.809s,20.0278592,3.4155027,0.007722,2314.997360676,UUN,G,"IR,Radio,Xray",363,13,176,36,26,7,13,45,35,8
307,MESSIER 032,00h42m41.8511s,+40d51m55.413s,10.6743797,40.8653927,-0.00071,-212.85264518,SUN,G,"IR,Radio,Xray",1208,18,127,47,30,8,35,36,25,6
308,MESSIER 031,00h42m44.3503s,+41d16m08.634s,10.68479291667,41.269065,-0.000991,-297.094325878,SUN,G,"Gamma,IR,Radio,Xray",5509,23,176,66,50,13,407,199,302,5
309,NGC 0253,00h47m33.1300s,-25d17m17.100s,11.8880416666667,-25.2880833333333,0.000807,241.932513606,S1L,G,"Gamma,IR,Radio,UV,Xray",2004,31,386,126,78,22,32,53,75,26
310,Small Magellanic Cloud,00h52m44.8000s,-72d49m43.000s,13.1866666666667,-72.8286111111111,0.000485669322608509,145.6,UUN,G,"Gamma,Radio,Xray",4589,9,56,16,7,3,294,285,101,0
311,NGC 0541,01h25m44.3001s,-01d22m46.066s,21.434584,-1.379463,0.0180859994,5422.04621551253,SUN,G,"IR,Radio,Xray",189,8,94,34,28,10,21,21,9,0
312,MESSIER 033,01h33m50.8900s,+30d39m36.800s,23.46204166667,30.66022222222,-0.000597680145776049,-179.18,UUN,G,"IR,Radio,UV,Vis,Xray",2860,22,177,90,28,13,137,130,124,7
313,NGC 1275,03h19m48.1601s,+41d30m42.103s,49.9506671329167,41.5116954541667,0.01767,5297.33273286,SUN,G,"Gamma,IR,Radio,UV,Vis,Xray",2198,47,657,154,193,18,9,23,88,33
314,NGC 1313,03h18m16.0500s,-66d29m53.700s,49.566875,-66.49825,0.00156775124743131,469.999999999999,UUN,G,"IR,Radio,Xray",614,16,91,53,26,18,19,47,73,4
315,NGC 1316,03h22m41.7009s,-37d12m28.580s,50.673754,-37.207939,0.00601,1801.75267258,SUN,G,"Gamma,IR,Radio,UV,Vis,Xray",1049,26,297,75,76,24,106,90,75,7
316,NGC 1344,03h28m19.6219s,-31d04m05.337s,52.0817583,-31.0681493,0.00414,1241.14077612,SUN,G,"IR,Xray",218,6,84,22,21,19,34,36,10,1
317,NGC 1351,03h30m34.9897s,-34d51m14.600s,52.6457905,-34.8540558,0.00511020193843569,1532.0,UUN,G,"IR,UV",203,7,75,30,28,20,22,28,6,1
318,IC 0335,03h35m31.0816s,-34d26m49.307s,53.8795069,-34.4470298,0.00547712244315366,1642.0,UUN,G,"IR,UV",143,4,56,33,26,18,7,12,7,1
319,NGC 1427A,03h40m09.0000s,-35d37m34.000s,55.0375,-35.62611111111,0.00676399982,2027.79613194936,SUN,G,IR,113,5,36,28,19,15,3,24,8,2
320,NGC 1427,03h42m19.4434s,-35d23m33.043s,55.5810144,-35.3925122,0.0047833091251415,1434.0,UUN,G,"IR,UV,Xray",270,9,101,36,26,17,36,41,4,0
321,Large Magellanic Cloud,05h23m34.6000s,-69d45m22.000s,80.89416666667,-69.75611111111,0.000927000016,277.907613362679,SUN,G,"Gamma,Radio",8440,9,51,33,20,6,824,565,115,0
322,NGC 2832,09h19m46.8507s,+33d44m59.235s,139.9452113,33.7497875,0.023006,6897.025288748,SUN,G,"IR,Radio,Xray",280,8,125,42,33,12,12,22,13,3
323,MESSIER 081,09h55m33.1730s,+69d03m55.060s,148.8882210375,69.0652946122222,-0.00013,-38.97301954,UUN,G,"Gamma,IR,Radio,Vis,Xray",2846,48,294,123,75,8,99,117,200,56
324,NGC 3115,10h05m13.9780s,-07d43m06.891s,151.308242,-7.718581,0.00228691543667853,685.6,SST,G,"IR,Xray",818,20,123,50,50,6,35,48,19,4
325,MESSIER 105,10h47m49.6051s,+12d34m53.756s,161.9566882,12.581599,0.00302609347163764,907.200000000001,SST,G,"IR,Radio,UV,Xray",1148,22,290,61,48,11,58,56,41,7
326,MESSIER 108,11h11m30.9134s,+55d40m27.595s,167.878806,55.674332,0.002322,696.118087476,S1L,G,"IR,Radio,Xray",508,15,146,57,36,7,22,47,60,9
327,IC 3065,12h15m12.5574s,+14d25m58.816s,183.8023226,14.4330047,0.00331896274722161,994.999999999999,SLS,G,"IR,UV,Vis",114,1,88,42,28,14,8,10,3,1
328,IC 3131,12h18m50.9871s,+07d51m43.299s,184.7124466,7.8620276,0.005104,1530.140705632,UUN,G,"IR,UV,Vis",75,0,45,36,17,4,0,2,3,0
329,MESSIER 084,12h25m03.7432s,+12d53m13.138s,186.2655969175,12.8869829413889,0.003392,1016.896017536,UUN,G,"IR,Radio,UV,Xray",1693,41,359,107,88,7,62,79,47,7
330,MESSIER 085,12h25m24.0528s,+18d11m27.888s,186.35022,18.19108,0.00243199989,729.09522487883,SUN,G,"IR,UV,Xray",609,15,146,48,31,11,26,51,18,6
331,MESSIER 086,12h26m11.7508s,+12d56m46.291s,186.5489619,12.946192,-0.000747,-223.944966126,UUN,G,"IR,Radio,UV,Xray",850,16,143,62,51,7,53,60,33,5
332,MESSIER 049,12h29m46.7619s,+08d00m01.713s,187.44484125,8.00047583333,0.003272,980.920922576,UUN,G,"IR,Radio,UV,Xray",1470,27,270,84,74,11,68,69,33,5
333,MESSIER 089,12h35m39.8070s,+12d33m22.831s,188.9158625,12.5563419444,0.00113400002,339.964653367849,SUN,G,"IR,Radio,UV,Xray",899,26,334,83,56,16,47,54,63,12
334,MESSIER 104,12h39m59.4314s,-11d37m23.118s,189.9976312,-11.62308847,0.00363318012489827,1089.2,SLS,G,"IR,Radio,Xray",1080,25,357,108,57,7,31,43,135,25
335,MESSIER 059,12h42m02.2552s,+11d38m49.026s,190.5093968,11.6469518,0.001558,467.076649564,UUN,G,"IR,UV,Xray",698,17,220,62,40,11,46,47,46,6
336,IC 3959,12h59m08.2105s,+27d47m02.922s,194.7842106,27.784145,0.0234462202514781,7029.0,SLS,G,"IR,UV,Vis,Xray",179,1,77,35,37,10,7,9,2,0
337,CGCG 160-223,12h59m13.8892s,+28d04m34.909s,194.807872,28.0763637,0.0260446845530717,7808.0,SLS,G,"IR,UV,Vis,Xray",97,1,67,28,26,8,1,3,2,1
338,IC 3976,12h59m29.3961s,+27d51m00.687s,194.872484,27.850191,0.0226423307820506,6788.00000000001,SLS,G,"IR,Radio,Vis,Xray",151,1,77,45,42,9,0,5,2,0
339,NGC 4874,12h59m35.7199s,+27d57m33.325s,194.8988333,27.9592572,0.0239065387028516,7167.00000000001,SLS,G,"IR,Radio,Vis,Xray",683,17,131,75,70,11,70,36,11,1
340,NGC 4881,12h59m57.7514s,+28d14m47.580s,194.990631,28.24655,0.02237,6706.35728546,SLS,G,"IR,Xray",198,5,62,21,23,7,15,14,2,0
341,IC 4012,13h00m07.9784s,+28d04m43.440s,195.0332436,28.0787334,0.0241400335694903,7237.00000000001,SLS,G,"IR,UV,Vis",166,2,92,37,40,6,10,7,2,1
342,IC 4021,13h00m14.7454s,+28d02m29.260s,195.0614395,28.0414613,0.0191198939367581,5732.00000000001,SLS,G,"IR,Vis",168,3,87,38,38,10,11,8,2,0
343,IC 4026,13h00m22.1459s,+28d02m49.251s,195.0922749,28.0470143,0.0272688647824489,8174.99999999999,SLS,G,"IR,Vis",138,1,88,33,33,7,6,5,2,0
344,IC 4041,13h00m40.8572s,+27d59m47.774s,195.1702385,27.996604,0.0236363517857411,7086.00000000001,SLS,G,"IR,Vis",143,2,74,34,37,11,2,5,2,1
345,IC 4045,13h00m48.6527s,+28d05m26.656s,195.2027196,28.0907379,0.0232394105124553,6967.00000000001,SLS,G,"IR,Radio,Vis",191,2,83,38,41,11,6,7,2,0
346,IC 4051,13h00m51.5616s,+28d02m34.076s,195.21484,28.042799,0.0292383,8765.4218247414,SLS,G,"IR,Radio",169,4,116,27,28,10,1,6,21,3
347,NGC 5128,13h25m27.6150s,-43d01m08.806s,201.3650625,-43.0191127777,0.00182459560073389,546.999999999999,UUN,G,"Gamma,IR,Radio,Xray",2420,33,532,144,132,22,54,65,62,23
348,MESSIER 083,13h37m00.9500s,-29d51m55.500s,204.25395833333,-29.86541666667,0.001711,512.944895638,UUN,G,"IR,Radio,UV,Vis,Xray",1718,26,240,104,54,17,20,68,92,22
349,NGC 5907,15h15m53.2397s,+56d19m47.568s,228.97183208333,56.32988,0.002218,664.939671844,S1L,G,"IR,Radio,Xray",600,15,125,57,31,7,30,50,65,8
350,NGC 6822,19h44m57.7000s,-14d48m12.000s,296.240416666667,-14.8033333333333,-0.000183460252358984,-55.0000000000001,UUN,G,"IR,Radio",1007,16,103,50,23,6,127,62,46,33
351,NGC 7339,22h37m46.7208s,+23d47m10.608s,339.44467,23.78628,0.004466,1338.873117428,SUN,G,"IR,Radio",161,6,42,22,26,6,32,50,5,4
352,IC 1459,22h57m10.6070s,-36d27m43.996s,344.2941958333,-36.4622211111,0.006011,1802.052465038,S1L,G,"IR,Radio,UV,Xray",566,22,206,70,55,24,16,23,16,2
353,UGCA 444,00h01m58.1655s,-15d27m39.891s,0.4923563,-15.4610809,-0.000433633323757598,-130.0,UUN,G,"IR,Radio",585,11,72,56,19,6,45,42,50,4
354,MESSIER 110,00h40m22.0685s,+41d41m07.416s,10.0919524,41.6853935,-0.00080400001,-241.033139229925,SUN,G,IR,812,16,121,47,28,8,32,32,27,6
355,IC 3492,12h33m19.8019s,+12d51m12.438s,188.3325079,12.8534552,-0.0018042489,-540.900212574796,SLS,G,"IR,UV,Vis,Xray",82,2,63,30,14,9,5,9,2,2
356,MCG -06-08-024,03h31m08.2929s,-36d17m24.640s,52.784554,-36.2901779,0.00611089422403015,1832.0,UUN,G,"IR,UV",79,1,47,28,19,6,5,6,3,1
357,MCG -06-08-025,03h31m24.8330s,-35d19m51.411s,52.8534711,-35.3309477,0.004253,1275.017323874,SUN,G,"IR,UV",55,1,40,20,12,6,5,7,2,1
358,FCC 100,03h31m47.6000s,-35d03m06.000s,52.94833333333,-35.05166666667,0.005537,1659.950839946,SUN,G,,59,1,11,22,9,2,6,8,1,0
359,LSBG F358-061,03h32m47.6698s,-34d14m19.309s,53.1986244,-34.2386972,0.007082,2123.130187556,SUN,G,"IR,UV",61,1,39,28,15,4,5,7,2,1
360,FCC 119,03h33m33.8734s,-33d34m22.833s,53.3911393,-33.5730094,0.00470225305000835,1409.7,UUN,G,"IR,UV",59,2,26,15,13,2,4,7,2,1
361,MCG -06-08-027,03h34m29.4991s,-35d32m47.129s,53.6229131,-35.5464248,0.0040190001,1204.86591868125,SUN,G,"IR,UV",94,2,48,29,16,6,6,9,5,0
362,MCG -06-09-008,03h36m54.3204s,-35d22m28.780s,54.2263353,-35.3746611,0.00568760138722369,1705.1,UUN,G,"IR,UV",104,1,48,32,19,7,5,8,5,1
363,2MASX J12571157-1724344,12h57m11.5900s,-17d24m34.200s,194.29829166667,-17.4095,0.047476,14232.946736008,SUN,G,"IR,Radio,UV,Xray",87,2,65,36,27,8,1,5,2,1
364,2MASS J13220203-4232074,13h22m02.0392s,-42d32m07.400s,200.508497,-42.535389,0.0021308074401258,638.800000000001,UUN,G,IR,45,2,8,15,4,2,4,5,1,0
365,IC 3192,12h21m04.8007s,+11d45m16.556s,185.2700031,11.7545991,0.0048263688,1446.90896576651,SLS,G,"IR,UV,Vis",46,0,69,23,12,8,0,1,0,1
366,VCC 0503,12h21m50.2419s,+08d32m30.391s,185.4593414,8.5417755,0.0037230123,1116.13100858123,SLS,G,"IR,Vis",26,0,54,15,8,8,0,1,0,1
367,VCC 0529,12h22m08.5920s,+09d53m39.820s,185.5358,9.8943946,0.0033245683,996.680502445881,SLS,G,"IR,Vis",22,0,53,13,9,8,0,1,0,1
368,NGC 4309A,12h22m14.7326s,+07d10m01.723s,185.5613861,7.1671454,0.0025194404,755.309230300503,SLS,G,"IR,UV,Vis",77,1,84,33,16,10,3,4,2,2
369,VCC 0646,12h23m31.7904s,+17d47m40.174s,185.88246,17.794493,0.48235607,144606.71185652,SLS,G,"UV,Vis",16,0,26,10,4,4,0,2,0,0
370,VCC 0747,12h24m47.7744s,+08d59m29.283s,186.19906,8.9914677,0.003184,954.539186272,SLS,G,"IR,UV,Vis",29,0,58,20,10,8,0,1,0,1
371,IC 3361,12h26m54.4941s,+10d39m57.288s,186.727059,10.6659134,0.004254,1275.317116332,SLS,G,"IR,UV,Vis",45,0,62,20,13,8,0,1,1,1
372,NGC 4472 DW09,12h27m18.6888s,+08d12m46.378s,186.82787,8.212883,0.004891975,1466.57720972455,SLS,G,Vis,31,0,44,13,8,6,0,1,0,1
373,VCC 1077,12h28m10.2400s,+12d48m31.700s,187.04266666667,12.80880555556,0.00390937119572234,1172.0,UUN,G,"IR,UV",15,0,21,9,1,0,0,1,0,0
374,VCC 1105,12h28m27.4632s,+14d09m19.389s,187.11443,14.155386,0.81866163,245428.582327987,SLS,G,"IR,Vis",19,0,38,9,2,4,0,1,0,1
375,VCC 1107,12h28m30.4824s,+07d19m29.087s,187.12701,7.3247465,0.0052012294,1559.28934644787,SLS,G,"UV,Vis",39,0,54,17,10,8,0,1,1,2
376,MESSIER 087 DW07,12h29m23.5063s,+12d27m02.563s,187.3479433,12.450712,0.00149503427467812,448.200000000001,SUN,G,"IR,UV,Vis",107,1,68,33,19,8,7,9,3,1
377,VCC 1252,12h30m02.0000s,+09d28m26.100s,187.508333333333,9.47391666666667,0.00165447791218283,495.999999999999,UUN,G,IR,13,0,18,8,2,0,0,1,0,0
378,VIII Zw 189,12h30m05.0744s,+08d04m24.164s,187.5211435,8.073379,0.004503,1349.965438374,SUN,G,"IR,UV,Vis,Xray",90,2,87,33,18,10,1,4,4,2
379,VCC 1272,12h30m16.0100s,+13d18m27.100s,187.566708333333,13.3075277777778,0.01478,4430.93252924,S1L,G,Radio,19,0,7,13,7,0,0,1,0,3
380,VCC 1311,12h30m47.3185s,+07d36m19.881s,187.6971604,7.6055226,0.005029624,1507.84334177579,SLS,G,"IR,UV,Vis",30,0,68,23,13,8,0,1,1,1
381,NGC 4472 DW04,12h31m01.1091s,+07d43m23.696s,187.7546213,7.723249,0.004174,1251.333719692,SLS,G,"IR,Vis",30,0,53,15,8,8,0,1,0,1
382,VCC 1363,12h31m27.5100s,+10d56m08.700s,187.864625,10.93575,,,,G,,12,0,8,4,0,0,0,1,0,0
383,VCC 1512,12h33m34.6764s,+11d15m42.850s,188.394485,11.261903,0.0027998744,839.381228467275,SLS,G,"IR,UV,Vis",64,1,45,26,12,6,3,5,2,0
384,VCC 1530,12h33m55.6944s,+05d43m07.543s,188.48206,5.7187622,0.005834,1748.989199972,SLS,G,"IR,Vis",20,0,53,14,9,8,0,1,0,1
385,IC 3506,12h34m06.6968s,+12d44m29.258s,188.5279037,12.7414608,0.0050901880927238,1526.0,UUN,G,"IR,UV,Vis",106,1,82,35,21,8,8,9,1,1
386,IC 3519,12h34m38.3433s,+15d36m09.925s,188.6597641,15.6027572,0.001204,360.950119432,SUN,G,IR,39,0,18,14,9,0,0,1,0,0
387,VCC 1627,12h35m37.2608s,+12d22m55.246s,188.9052535,12.3820129,0.00094183616,282.355377439681,SLS,G,"IR,UV,Vis",104,2,73,36,22,6,3,4,3,1
388,VCC 1661,12h36m24.7906s,+10d23m04.591s,189.1032944,10.3846088,0.004734551,1419.38268181636,SLS,G,"IR,UV,Vis",92,1,64,26,16,8,7,7,1,1
389,LSBG F358-101,03h23m33.4000s,-36d59m02.000s,50.88916666667,-36.98388888889,0.00449310836231911,1347.0,UUN,G,,14,0,0,5,1,0,0,0,0,0
390,FCC 046,03h26m25.0370s,-37d07m40.684s,51.604321,-37.1279678,0.007405,2219.96315149,SUN,G,"IR,UV",41,0,31,21,6,2,0,1,1,0
391,FCC 059,03h27m46.6000s,-33d33m51.000s,51.94416666667,-33.56416666667,0.00449310836231911,1347.0,UUN,G,,10,0,0,3,1,0,0,0,0,0
392,FCC 146,03h35m11.6000s,-35d19m23.000s,53.79833333333,-35.32305555556,0.00441638862042353,1324.0,SUN,G,,26,0,11,16,1,0,0,1,0,0
393,FCC 150,03h35m24.0498s,-36d21m51.079s,53.8502078,-36.3641888,0.00671799993,2014.00571185853,SUN,G,"IR,UV",42,0,44,23,7,2,1,3,2,0
394,FCC 238,03h40m17.1000s,-36d32m05.000s,55.07125,-36.53472222222,0.00441638862042353,1324.0,SUN,G,UV,26,0,13,16,1,0,0,1,0,0
395,LSBG F358-082,03h40m20.5377s,-37d38m41.019s,55.08557381108,-37.64472757131,0.0053070047546026,1591.0,SUN,G,,22,0,2,13,2,0,0,1,0,0
396,FCC 246,03h40m37.7000s,-36d07m16.000s,55.15708333333,-36.12111111111,0.00441638862042353,1324.0,SUN,G,,26,0,11,17,2,0,0,1,0,0
397,LSBG F358-033,03h41m00.8432s,-35d44m33.333s,55.2535135,-35.7425925,0.005061,1517.249629938,SUN,G,"IR,UV",38,0,29,17,2,0,0,1,0,0
398,MCG -06-09-028,03h45m14.0795s,-36d56m11.863s,56.3086647,-36.9366288,0.006433,1928.564882314,UUN,G,IR,58,0,31,19,8,5,5,7,2,0
399,LSBG F359-072,03h47m01.3472s,-36d26m15.151s,56.7556134,-36.437542,0.005157,1546.029705906,SUN,G,IR,30,0,20,13,5,0,0,2,1,0
400,SDSS J131129.50-012027.9,13h11m29.5020s,-01d20m27.924s,197.872925,-1.34109,0.183186,54917.781211188,SLS,G,Xray,40,0,15,15,10,0,10,0,0,0
401,NGC 3551,11h09m44.4603s,+21d45m32.152s,167.4352514,21.7589312,0.031829,9542.094145682,UUN,G,"IR,Vis,Xray",85,1,65,27,18,9,3,4,2,1
402,WISEA J090919.21-094159.0,09h09m19.2110s,-09d41m59.035s,137.3300462,-9.699732,0.054291,16276.032337278,SLS,G,"IR,Radio,UV,Xray",42,0,38,18,14,2,1,3,2,0
403,WISEA J090832.37-093747.3,09h08m32.3739s,-09d37m47.377s,137.1348914,-9.6298272,0.054841,16440.918189178,SUN,G,"IR,UV",61,0,34,22,25,3,1,3,2,0
404,NGC 1023A,02h40m37.7300s,+39d03m27.000s,40.15720833333,39.0575,0.00247070925313271,740.699999999999,S1L,G,IR,43,0,13,14,10,2,0,3,5,0
405,SagDEG,18h55m19.5000s,-30d32m43.000s,283.83125,-30.545278,0.000466989733277413,140.0,SUN,G,,515,1,2,13,8,0,66,49,0,0
406,NGC 6397:[JVH94] 01,17h44m41.0000s,-53d15m42.000s,266.17083333333,-53.26166666667,,,,,Xray,3,0,0,1,0,0,0,0,1,0
407,AM 0139-655 NED02,01h41m30.9804s,-65d36m56.112s,25.3790853,-65.6155868,0.027406,8216.112103948,UUN,G,"IR,Radio,UV",26,1,34,11,8,2,3,5,1,0
408,LSBC D640-11,10h51m01.5815s,+13d20m01.041s,162.7565899,13.3336227,0.0023396257,701.402139402971,SLS,G,"IR,UV,Vis",27,0,41,15,9,4,0,3,0,1
409,NGC 4073,12h04m27.0702s,+01d53m45.546s,181.1127927,1.8959851,0.019718653,5911.50345131907,SLS,G,"IR,UV,Vis,Xray",189,4,103,45,46,15,8,21,5,3
410,VCC 1167,12h29m14.6550s,+07d52m38.711s,187.3110628,7.8774199,0.0051509286,1544.2095459765,SLS,G,"IR,Vis,Xray",43,0,78,25,13,9,0,1,1,1
411,FCC 174,03h36m45.4485s,-33d00m50.231s,54.1893691,-33.0139532,0.005487,1644.961217046,SUN,G,"IR,UV",25,0,22,16,4,0,0,1,0,0
412,FCC 189,03h37m08.1899s,-34d43m52.336s,54.2841249,-34.7312047,0.103553,31044.408403274,SUN,G,"IR,UV",20,0,20,12,1,0,0,1,0,0
413,PGC1 0046957 NED024,13h22m12.6000s,-42d43m43.100s,200.5525,-42.72863888889,0.00183526965178023,550.199999999999,UUN,G,,31,1,2,13,2,0,3,2,0,0
414,PGC1 0028630 NED014,10h08m06.0000s,+68d23m57.300s,152.025,68.39925,-0.000466989733277413,-140.0,UUN,G,,59,1,10,17,5,0,4,5,15,0
415,VCC 0896,12h26m22.6104s,+12d47m11.594s,186.59421,12.786554,0.0070568819980121,2115.6,SUN,G,"IR,UV,Vis",35,0,37,18,9,4,0,1,0,1
416,VCC 0240,12h17m31.2600s,+14d21m21.200s,184.38025,14.35588888889,0.00383598709477875,1150.0,SUN,G,,18,0,20,8,1,4,0,1,0,0
417,VCC 1714,12h37m24.9432s,+14d18m45.424s,189.35393,14.312618,-0.00027073626,-81.1646888551271,SLS,G,"IR,UV,Vis",13,0,40,10,2,4,0,1,0,1
