Galaxy,Other_ID,RA_hr,DEC_deg,Type,D_Mpc,D_Mpc+-,Method,A_V,M_V^T,M_V^T+-,M_K,M_K+-,N(GC),N(GC)+-,Source,sig_e_km/s,sig_e_km/s+-,R_e_kpc,R_e_kpc+-,lg_M_d_M_sun,lg_M_d_M_sun+-,lg_M_G_M_sun,lg_M_G_M_sun+-,lg_M_B_M_sun,lg_M_B_M_sun+,lg_M_B_M_sun-
MilkyWay,nid,nd,nd,Sbc,nd,nd,geometry,0,-21.3,0.3,nd,nd,160,10,44,105,20,0.7,0.1,9.856,0.116,7.66,0.03,6.61,0.04,0.04
WLM,DDO-221,0.0328381,-15.4609285,Irr,1,0.1,TRGB/Cepheid,0.088,-14.84,0.2,nd,nd,1,0,50,nd,nd,nd,nd,nd,nd,5.14,0,nd,nd,nd
NGC7814,nid,0.0541441,16.1455476,Sab,13.18,0.88,SBF,0.147,-20.18,0.28,-23.531,0.103,150,40,39/85,169.2,7.2,2.84,0.19,10.879,0.037,7.57,0.1,nd,nd,nd
NGC55,nid,0.2482245,-39.1965824,SBm,2.09,0.08,TRGB/Cepheid,0.036,-18.77,0.2,-20.356,0.111,36,15,75,nd,nd,2.31,0.09,nd,nd,6.87,0.15,nd,nd,nd
NGC147,nid,0.55333,48.5086,E5,0.76,0.1,TRGB/SBF,0.475,-15.46,0.3,-17.254,0.118,10,2,91/97a,22,5,0.57,0.08,8.408,0.13,6.16,0.11,nd,nd,nd
NGC185,nid,0.6493737,48.3373957,E3,0.63,0.01,TRGB/SBF,0.5,-15.4,0.2,-17.489,0.112,8,1,30/97a,19.9,2.4,0.35,0.04,8.105,0.069,6.07,0.05,nd,nd,nd
NGC205,M110,0.6728045,41.6853789,E5,0.8,0.04,TRGB,0.17,-16.66,0.2,-18.947,0.11,11,3,30,31.2,4.7,0.66,0.03,8.775,0.086,6.26,0.1,0,4.58,0
NGC221,M32,0.7116069,40.8651653,E2,0.76,0.07,SBF/TRGB,0.17,-16.54,0.21,-19.327,0.101,0,1,97,75,3,0.13,0.01,8.843,0.039,6.26,0.1,6.46,0.08,0.1
NGC224,M31,0.7123157,41.2688834,Sb,0.77,0.02,TRGB/Cepheid,0.17,-21.8,0.2,-23.467,0.101,450,100,76,160,8,4.66,0.12,11.046,0.032,8.14,0.09,8.18,0.2,0.1
NGC247,nid,0.7857145,-20.7604499,SABc,3.72,0.2,TRGB/Cepheid,0.05,-18.8,0.2,-20.428,0.118,60,30,75,nd,nd,3.64,0.2,nd,nd,7.09,0.18,nd,nd,nd
NGC253,nid,0.7925311,-25.2884419,SABc,3.54,0.2,TRGB,0.051,-21.01,0.2,-23.979,0.101,90,40,Aug-75,102.6,18.8,3.8,0.2,10.571,0.102,7.39,0.16,7,0.3,0.3
SMC,NGC292,0.87722,-72.800201,Irr,0.06,0,Cepheids/RRL,0.101,-16.82,0.2,nd,nd,1,1,37,nd,nd,nd,nd,nd,nd,5.22,0.3,nd,nd,nd
NGC300,nid,0.9148683,-37.6844766,Scd,1.98,0.04,TRGB/Cepheid,0.035,-18.4,0.2,-20.108,0.116,70,30,75,nd,nd,2.43,0.05,nd,nd,7.14,0.15,nd,nd,nd
UGC-685,nid,1.1228987,16.6840215,Im,4.7,0.5,TRGB,0.156,-14.35,0.2,nd,nd,5,2,37,nd,nd,0.55,0.05,nd,nd,5.83,0.15,nd,nd,nd
NGC406,nid,1.1235073,-69.8774177,SBc,20.6,1.4,Hubble,0.065,-19.14,0.25,-21.394,0.106,85,24,22,nd,nd,2.44,0.17,nd,nd,7.26,0.11,nd,nd,nd
NGC474,nid,1.3351857,3.4153385,S0,29.51,1.53,SBF,0.094,-20.97,0.2,-23.805,0.107,609,94,61/92,163.4,5.4,4.82,0.25,11.078,0.029,8.22,0.06,nd,nd,nd
NGC524,nid,1.41325,9.5387778,S0-a,23.13,1.2,SBF,0.226,-21.85,0.2,-24.682,0.101,3300,1000,45/61,253.5,7.8,5.58,0.29,11.524,0.028,9.01,0.11,nd,nd,nd
NGC541,nid,1.4289779,-1.3794906,S0,73.1,5.1,Hubble,0.149,-22.39,0.22,-25.041,0.105,1620,450,53,219.8,4,12.78,0.89,11.759,0.031,8.73,0.11,0,8.93,0
NGC584,nid,1.5224182,-6.8680509,E4,20.14,1.94,SBF,0.14,-21.18,0.34,-24.231,0.103,500,200,60,205.9,4.2,2.44,0.23,10.983,0.041,8.15,0.15,nd,nd,nd
NGC598,M33,1.5641414,30.6599252,Scd,0.82,0.04,TRGB/Cepheid,0.139,-19,0.2,-20.482,0.109,50,20,15-64,37.2,16.3,3.22,0.16,9.618,0.21,7.03,0.15,0,3.48,0
PGC-6240,nid,1.6919139,-65.6159851,S0,113,18.1,Hubble,0.056,-21.4,0.2,-24.654,0.106,210,20,66,249.1,46.5,nd,nd,nd,nd,7.78,0.04,nd,nd,nd
UGC-1281,nid,1.8256556,32.5862222,Sdm,5.13,0.5,TRGB,0.128,-15.3,0.2,-15.553,0.146,2,2,37,nd,nd,nd,nd,nd,nd,5.46,0.3,nd,nd,nd
NGC708,A262-BCG,1.8795946,36.1519464,E,47.07,2.86,SBF,0.241,-22.13,0.2,-24.816,0.103,4700,1000,Jul-74,229.8,9.7,17.6,1.07,11.937,0.036,9.18,0.08,nd,nd,nd
NGC720,nid,1.8834808,-13.7385764,E,27.67,2.25,SBF,0.054,-22.08,0.23,-24.945,0.103,660,190,57,241.1,6.7,4.84,0.39,11.418,0.037,8.32,0.11,nd,nd,nd
NGC784,nid,2.0213931,28.8372361,SBdm,5.45,0.5,TRGB,0.162,-16.87,0.2,-18.413,0.123,6,2,37,nd,nd,nd,nd,nd,nd,6,0.12,nd,nd,nd
NGC821,nid,2.1391988,10.9950077,E6,23.38,1.24,SBF,0.364,-21.53,0.2,-23.984,0.102,320,45,93,209,10,5.64,0.3,11.361,0.036,7.97,0.06,8.23,0.16,0.25
NGC891,nid,2.3759783,42.347123,Sb,8.36,0.56,SBF,0.178,-21.4,0.2,-23.692,0.101,70,20,83,73.1,10.2,5.43,0.36,10.431,0.082,7.31,0.11,nd,nd,nd
NGC910,A347-1,2.424119,41.824392,E,71.4,5,Hubble,0.19,-22.29,0.22,-25.088,0.104,4245,1100,7,249.2,8,9.26,0.65,11.728,0.035,9.14,0.1,nd,nd,nd
Fornax-dE,nid,2.6664722,-34.4491667,dE,0.14,0,TRGB/RRLyr,0.055,-13,0.2,999999,99999,5,0,31,10.4,0.7,0.49,0.07,7.693,0.069,5.8,0,nd,nd,nd
NGC1023,nid,2.6733293,39.0632533,SB0,11.43,1,SBF,0.201,-21.14,0.2,-24.074,0.102,490,30,100a,209,10,2.19,0.15,10.95,0.04,8.14,0.03,7.64,0.04,0.04
NGC1023A,nid,2.6771376,39.0575235,dIrr,11.43,1,SBF,0.202,-15.55,0.53,nd,nd,5.7,2.5,100a,nd,nd,nd,nd,nd,nd,5.93,0.16,nd,nd,nd
NGC1052,nid,2.6846621,-8.2558045,E4,19.35,1.06,SBF,0.088,-21.05,0.2,-23.992,0.101,400,45,33,206.9,4,3.16,0.17,11.1,0.026,8.04,0.05,0,8.53,0
NGC1055,nid,2.6958209,0.4431773,Sb,19,4,TF,0.109,-21.3,0.2,-24.255,0.104,210,40,100a,80,15,nd,nd,nd,nd,7.78,0.08,nd,nd,nd
NGC1132,nid,2.8810505,-1.2746379,E,96.09,4.8,Hubble,0.209,-22.76,0.2,-25.674,0.105,3613,295,1b,246,8.7,15.68,1,11.946,0.036,9.1,0.03,nd,nd,nd
UGC-2413,A397-1,2.9413222,15.9161389,E,145.2,10.2,Hubble,0.387,-22.45,0.2,-25.753,0.107,3020,840,7,289,11,nd,nd,nd,nd,9.01,0.11,nd,nd,nd
ESO-154-023,nid,2.9472711,-54.5706416,Sbsm,5.9,0.5,TRGB,0.046,-16.38,0.3,nd,nd,3,1,37,nd,nd,1.67,0.2,nd,nd,5.68,0.12,nd,nd,nd
NGC1172,nid,3.026675,-14.8366111,E,21.48,2.07,SBF,0.211,-20.01,0.28,-22.468,0.105,365,25,18,112.4,4.4,4.02,0.39,10.674,0.046,7.94,0.03,nd,nd,nd
NGC1201,nid,3.0688995,-26.0696616,S0,20.23,3,SBF,0.053,-20.86,0.36,-23.86,0.102,230,80,61,166.6,4.2,2.51,0.37,10.812,0.061,7.79,0.13,nd,nd,nd
NGC1313,nid,3.3043271,-66.4975862,SBcd,4.16,0.08,TRGB,0.299,-19.75,0.24,-20.56,0.115,7,4,70,nd,nd,1.71,0.12,nd,nd,6.21,0.2,nd,nd,nd
NGC1275,PerseusA,3.3300725,41.5115451,Ep,72.9,3.65,Hubble,0.446,-22.69,0.2,-26.236,0.107,7800,2500,43a/55a,258.9,13.4,5.96,0.6,11.57,0.051,9.43,0.12,nd,nd,nd
NGC1311,nid,3.3352771,-52.1858237,SBm,5.45,0.5,TRGB,0.058,-15.76,0.2,-17.767,0.145,5,2,37,nd,nd,0.56,0.1,nd,nd,5.88,0.15,nd,nd,nd
ESO-301-G08,FCC-19,3.3729718,-37.3976383,dS0,20.27,0.7,SBF,0.054,-17.01,0.2,nd,nd,16,5,55,nd,nd,1.28,0.04,nd,nd,6.44,0.12,nd,nd,nd
NGC1316,FCC-21/ForA,3.3782565,-37.2082112,S0,21.09,0.3,SBF,0.069,-23.16,0.2,-26.041,0.102,1000,500,38/98,227.7,3.1,10.19,0.14,11.692,0.01,8.57,0.18,8.24,0.17,0.23
FCC-0025,nid,3.3926111,-36.9838889,dE0N,20,2,Fornax,0.057,-14.47,0.2,nd,nd,3.1,4.5,67,nd,nd,nd,nd,nd,nd,5.62,0.39,nd,nd,nd
ESO-357-G25,FCC-26,3.3936816,-35.778368,SB0,19.85,1.31,SBF,0.043,-17.4,0.2,-18.75,0.193,22,7,55,nd,nd,0.74,0.05,nd,nd,6.59,0.12,nd,nd,nd
ESO-358-G01,FCC-43,3.433956,-32.8944454,dS0,19.23,1.42,SBF,0.039,-18.6,0.2,-20.66,0.124,37,15,55,52.9,4.6,1.81,0.13,9.674,0.058,6.87,0.15,nd,nd,nd
IC1919,FCC-43,3.433956,-32.8944454,E/S0,19.23,1.42,SBF,0.039,-18.31,0.2,-20.66,0.124,21,10,61,52.9,4.6,1.81,0.13,9.674,0.058,6.61,0.17,nd,nd,nd
NGC1332,nid,3.4381105,-21.3352765,S0,22.91,0.2,SBF,0.108,-21.62,0.2,-24.76,0.102,1000,500,61,320.9,13.7,2.75,0.02,11.42,0.026,8.47,0.18,9.17,0.06,0.06
FCC-0046,nid,3.4402778,-37.1280556,dE4,30.2,2.2,SBF,0.051,-16.57,0.2,-19.443,0.211,9.9,5.3,67,61,5,nd,nd,nd,nd,6.21,0.19,nd,nd,nd
NGC1336,FCC-47,3.4422764,-35.713661,E4,18.74,0.28,SBF,0.037,-19.14,0.2,-21.562,0.114,276,100,55,101.2,3.9,2.32,0.04,10.344,0.024,7.78,0.13,nd,nd,nd
ESO-358-G06,FCC-55,3.4550066,-34.5263921,S0,19.18,1.13,SBF,0.027,-18.43,0.2,-20.795,0.114,37,15,55,45.8,1.2,1.2,0.07,9.369,0.029,6.87,0.15,nd,nd,nd
FCC-0059,nid,3.4629444,-33.5641667,dE0N,20,2,Fornax,0.036,-13.13,0.2,nd,nd,0,4,67,nd,nd,nd,nd,nd,nd,6.21,0.19,nd,nd,nd
NGC1339,FCC-63,3.4684949,-32.2860655,E4,20.38,0.85,SBF,0.044,-20.01,0.2,-22.858,0.102,231,80,55,161.2,3.2,1.46,0.06,10.549,0.021,7.74,0.13,nd,nd,nd
NGC1344,NGC1340,3.4721166,-31.0681243,E5,20.03,1.06,SBF,0.059,-21.18,0.2,-24.116,0.104,280,100,55,166,3.9,2.92,0.15,10.874,0.026,7.9,0.13,nd,nd,nd
NGC1345,nid,3.4921314,-17.7783902,Sc,19.9,1.4,Hubble,0.125,-17.87,0.22,-20.371,0.131,16,8,22,nd,nd,1.77,0.12,nd,nd,6.47,0.18,nd,nd,nd
NGC1351,FCC-83,3.5097147,-34.8540184,E5,31.57,0.08,SBF,0.046,-20.96,0.2,-23.713,0.104,274,90,55,140.2,3,3.7,0.01,10.83,0.013,7.87,0.12,nd,nd,nd
FCC-90,nid,3.5189591,-36.2900654,E4,19.45,1.81,SBF,0.033,-17.77,0.2,-19.621,0.156,21,7,55,nd,nd,0.99,0.09,nd,nd,6.59,0.12,nd,nd,nd
FCC-95,nid,3.5235552,-35.3310775,dSB0,19.73,0.67,SBF,0.041,-17.88,0.2,-20.015,0.152,21,7,55,nd,nd,nd,nd,nd,nd,6.59,0.12,nd,nd,nd
FCC-100,nid,3.5299027,-35.0518564,dE4,21.96,1.94,SBF,0.039,-17.07,0.2,nd,nd,34,12,55,nd,nd,nd,nd,nd,nd,6.77,0.13,nd,nd,nd
FCC-106,nid,3.5465802,-34.2386871,dS0,19.89,0.63,SBF,0.029,-17.49,0.2,-19.478,0.139,15,5,55,nd,nd,nd,nd,nd,nd,6.43,0.12,nd,nd,nd
IC1959,nid,3.5535083,-50.4142708,SBsm,6.4,0.3,TRGB,0.03,-16.81,0.2,-17.997,0.113,7,3,37,nd,nd,0.7,0.07,nd,nd,6.07,0.15,nd,nd,nd
FCC-119,nid,3.5594152,-33.5732393,S0,20.31,0.96,SBF,0.038,-17.39,0.2,nd,nd,17,6,55,nd,nd,1.73,0.08,nd,nd,6.48,0.13,nd,nd,nd
FCC-136,nid,3.5748634,-35.5464872,dE2,19.68,1.04,SBF,0.044,-17.87,0.2,-19.675,0.147,25,8,55,112.4,22.5,2.23,0.12,10.418,0.11,6.67,0.12,nd,nd,nd
FCC-146,nid,3.58656,-35.3229505,dE4N,20,2,Fornax,0.04,-13.03,0.2,nd,nd,0.6,3.4,67,nd,nd,nd,nd,nd,nd,4.88,0.82,nd,nd,nd
NGC1374,FCC-147,3.587939,-35.2263303,E,19.64,0.09,SBF,0.046,-20.43,0.2,-23.309,0.102,360,19,4,186.4,3.9,2.37,0.01,10.883,0.013,7.96,0.02,nd,nd,nd
NGC1375,FCC-148,3.5880059,-35.2656207,S0,20.02,0.98,SBF,0.048,-19.16,0.2,-21.905,0.105,86,30,55/61,66.1,1.7,1.65,0.08,9.826,0.026,7.27,0.13,nd,nd,nd
FCC-150,nid,3.5900282,-36.3638852,dE4,18.3,2,SBF,0.038,-16.47,0.2,-18.283,0.175,9.9,5.3,67,63,3,nd,nd,nd,nd,6.2,0.19,nd,nd,nd
ESO-358-G26,FCC-153,3.5919271,-34.4470832,S0,20.78,0.69,SBF,0.039,-19.55,0.2,-22.438,0.103,60,20,55,64.4,4.4,1.25,0.04,9.684,0.042,7.13,0.12,nd,nd,nd
ESO-358-G25,FCC-152,3.5925335,-32.4649084,S0-a,18,0.45,SBF,0.028,-18.49,0.2,-20.684,0.12,16,5,55,56.9,2.8,1.43,0.04,9.634,0.031,6.51,0.12,nd,nd,nd
NGC1379,nid,3.601063,-35.4411586,E,20.04,1.43,SBF,0.04,-20.64,0.2,-23.276,0.103,225,23,4,120.1,2.3,2.78,0.2,10.572,0.032,7.77,0.04,nd,nd,nd
NGC1380,FCC-167,3.6076629,-34.9761257,S0-a,18.86,1.85,SBF,0.058,-21.51,0.24,-24.515,0.102,424,100,55/58,218.5,4.8,3.39,0.33,11.178,0.042,8.1,0.09,nd,nd,nd
NGC1381,FCC-170,3.6088084,-35.2952129,S0,18.78,1.76,SBF,0.045,-19.91,0.23,-22.95,0.101,71,25,55,151.2,2.5,1.13,0.11,10.38,0.042,7.23,0.13,nd,nd,nd
FCC-174,nid,3.6126008,-33.014863,dE1N,22.1,1.9,Hubble,0.021,-15.47,0.2,nd,nd,9.9,4.6,67,nd,nd,nd,nd,nd,nd,6.16,0.17,nd,nd,nd
NGC1380A,FCC-177,3.6131885,-34.7396157,S0,16.89,1.81,SBF,0.049,-18.78,0.27,-21.569,0.106,70,25,55,54.4,3.7,1.46,0.16,9.605,0.059,7.16,0.13,nd,nd,nd
FCC-182,nid,3.6150796,-35.3746381,SB0,19.57,0.79,SBF,0.036,-17.57,0.2,-19.855,0.125,59,20,55,61.6,3.2,1.24,0.05,9.642,0.035,7.03,0.13,nd,nd,nd
NGC1387,FCC-184,3.6158538,-35.5066275,E/S0,19.82,0.7,SBF,0.042,-20.84,0.2,-24.065,0.102,390,27,4,170.2,11.8,2.2,0.08,10.774,0.043,8.02,0.03,nd,nd,nd
FCC-189,nid,3.6189308,-34.7313617,dE4N,20,2,Fornax,0.038,-13.37,0.2,nd,nd,0.6,4.2,67,nd,nd,nd,nd,nd,nd,4.89,0.9,nd,nd,nd
NGC1380B,FCC-190,3.6191619,-35.1951049,SB0,22.02,1.14,SBF,0.057,-18.85,0.2,-21.676,0.109,156,50,55,78.1,2.9,1.63,0.08,9.966,0.031,7.51,0.12,nd,nd,nd
NGC1389,FCC-193,3.6199172,-35.7460236,SB0,20.87,1.53,SBF,0.035,-20.13,0.21,-22.969,0.102,48,16,55/61,135.1,6.2,1.52,0.11,10.411,0.04,7.07,0.12,nd,nd,nd
ESO-358-G42,FCC-203,3.6358844,-34.5185751,dE6,20.69,0.8,SBF,0.032,-16.93,0.2,-18.587,0.231,30,10,55,nd,nd,1.69,0.06,nd,nd,6.7,0.12,nd,nd,nd
ESO-358-G43,FCC-204,3.6371175,-33.1272534,dS0,21.08,0.74,SBF,0.029,-17.36,0.2,-19.778,0.151,17,6,55,67,4,1.26,0.04,9.722,0.038,6.48,0.13,nd,nd,nd
NGC1399,FCC-213,3.641408,-35.4506257,E1,20.68,0.5,SBF,0.043,-22.03,0.2,-25.276,0.104,6000,700,Mar-93,337,16,9.7,0.23,12.011,0.03,9.28,0.05,8.69,0.06,0.07
NGC1404,FCC-219,3.6477546,-35.5942446,E1,20.43,0.4,SBF,0.038,-21.59,0.2,-24.735,0.102,770,140,29/41/87,234.4,4.2,2.78,0.05,11.153,0.014,8.36,0.07,nd,nd,nd
NGC1400,nid,3.6585692,-18.6881481,S0,26.42,4.34,SBF,0.214,-21.36,0.2,-24.322,0.102,2960,958,79,251.5,4.4,3.47,0.57,11.31,0.067,8.93,0.12,nd,nd,nd
NGC1427A,nid,3.6692548,-35.6245057,Ibsm,16,2,TRGB,0.033,-18.5,0.2,-17.151,0.279,38,15,37,nd,nd,2.81,0.3,nd,nd,6.88,0.14,nd,nd,nd
NGC1407,nid,3.6699637,-18.5803554,E0,28.84,3.67,SBF,0.228,-22.86,0.35,-25.623,0.103,7000,2000,94,270.6,6.1,10.38,1.32,11.85,0.054,9.4,0.11,nd,nd,nd
FCC-238,nid,3.67142,-36.534599,dE5N,20,2,Fornax,0.025,-13.47,0.2,nd,nd,2.5,2.5,67,nd,nd,nd,nd,nd,nd,5.51,0.3,nd,nd,nd
FCC-242,nid,3.672355,-37.644901,dE5,20,2,Fornax,0.039,-14.37,0.2,nd,nd,0,3.3,67,nd,nd,nd,nd,nd,nd,5.51,0.3,nd,nd,nd
FCC-246,nid,3.67714,-36.120998,dE2,20,2,Fornax,0.031,-13.07,0.2,nd,nd,0,3.4,67,nd,nd,nd,nd,nd,nd,5.51,0.3,nd,nd,nd
NGC1419,FCC-249,3.6783714,-37.5108809,E0,20.15,1.84,SBF,0.043,-18.97,0.22,-21.64,0.103,155,50,55,120.8,2.8,0.85,0.08,10.062,0.04,7.52,0.12,nd,nd,nd
FCC-254,nid,3.6835593,-35.7425209,dE0N,20.4,2,Hubble,0.028,-14.57,0.2,nd,nd,5.6,5.2,67,nd,nd,nd,nd,nd,nd,5.88,0.29,nd,nd,nd
ESO-358-G50,FCC-255,3.6843403,-33.7794603,S0,19.97,0.63,SBF,0.016,-18.59,0.2,-21.071,0.112,80,25,55,48.2,7.9,1.25,0.04,9.43,0.091,7.21,0.12,nd,nd,nd
NGC1427,FCC-276,3.7053874,-35.3927754,E,20.52,2,SBF,0.037,-20.74,0.24,-23.426,0.102,500,60,34/60,162.1,3.5,2.98,0.3,10.862,0.043,8.12,0.05,nd,nd,nd
NGC1428,FCC-277,3.7063777,-35.1533815,E5,20.69,0.76,SBF,0.028,-18.7,0.2,999999,99999,42,13,55,81.7,10.5,0.91,0.03,9.751,0.074,6.93,0.12,nd,nd,nd
NGC1426,nid,3.7136417,-22.1083611,E,24.1,2.08,SBF,0.055,-20.58,0.24,-23.245,0.102,240,20,18,150.5,2.2,3,0.26,10.801,0.037,7.79,0.03,nd,nd,nd
ESO-358-G56,FCC-288,3.7229538,-33.9400199,dS0,21.68,0.8,SBF,0.016,-16.96,0.2,-18.967,0.177,17,6,55,48,3,0.95,0.04,9.307,0.04,6.46,0.13,nd,nd,nd
NGC1439,nid,3.7472206,-21.9207205,E1,26.67,1.91,SBF,0.099,-20.84,0.2,-23.57,0.104,260,30,18/60,150.2,5.4,4.46,0.32,10.972,0.037,7.84,0.05,nd,nd,nd
ESO-358-G59,FCC-301,3.7509996,-35.9726965,E4,20.89,2.02,SBF,0.025,-18.49,0.2,-21.001,0.108,21,7,55,46.7,1.6,0.95,0.03,9.284,0.024,6.62,0.12,nd,nd,nd
FCC-303,nid,3.7539203,-36.9367901,dE1,19.69,0.7,SBF,0.029,-17.36,0.2,-17.432,0.261,22,7,55,27,11,nd,nd,nd,nd,6.59,0.12,nd,nd,nd
NGC1460,FCC-310,3.7704769,-36.6963961,SB0,19.94,0.61,SBF,0.03,-18.9,0.2,-21.542,0.109,39,12,55,60.4,7.2,1.92,0.06,9.815,0.069,6.91,0.12,nd,nd,nd
FCC-316,nid,3.7837212,-36.4375213,dE1N,20.9,2.1,Hubble,0.03,-15.47,0.2,nd,nd,21.1,6.9,67,nd,nd,nd,nd,nd,nd,6.49,0.12,nd,nd,nd
ESO-358-G66,FCC-324,3.7979611,-36.4716667,dS0,20.08,0.72,SBF,0.026,-17.22,0.2,-18.314,0.239,21,7,55,nd,nd,1.82,0.06,nd,nd,6.56,0.12,nd,nd,nd
ESO-359-G02,FCC-335,3.8435348,-35.9093678,E,19.43,0.62,SBF,0.04,-18.18,0.2,-20.176,0.128,14,5,55,53.5,2.6,1.59,0.05,9.626,0.032,6.43,0.13,nd,nd,nd
NGC1483,nid,3.8798889,-47.4775,SBbc,15.7,1.1,Hubble,0.023,-18.32,0.2,-20.397,0.124,5,4,22,nd,nd,1.66,0.12,nd,nd,5.99,0.26,nd,nd,nd
IC2006,ESO-359-G07,3.9079102,-35.9672037,E,20.24,0.76,SBF,0.03,-20.27,0.2,-23.052,0.102,132,40,55,123.7,2.3,2.38,0.09,10.531,0.02,7.52,0.11,nd,nd,nd
UGCA-86,nid,3.9973611,67.1436111,Im,2.96,0.3,TRGB,2.583,-16.13,0.2,-14.51,0.205,11,4,37,nd,nd,nd,nd,nd,nd,6.24,0.13,nd,nd,nd
IC2035,nid,4.1505312,-45.5176012,E/S0,20.8,1.5,Hubble,0.037,-19.71,0.2,-22.724,0.101,55,10,18,106.7,2.3,0.65,0.05,9.838,0.035,7.1,0.07,nd,nd,nd
NGC1533,nid,4.1644027,-56.1184631,E/S0,21.38,4.09,SBF,0.051,-20.98,0.54,-24.031,0.102,250,30,21,185.4,4.9,3.15,0.6,11.003,0.077,7.83,0.05,nd,nd,nd
NGC1549,nid,4.2625382,-55.5922874,E,19.68,1.7,SBF,0.042,-21.72,0.27,-24.691,0.103,140,60,10,202.3,4,4.76,0.41,11.258,0.038,7.63,0.15,nd,nd,nd
NGC1553,nid,4.2695796,-55.780024,S0,18.54,1.51,SBF,0.044,-21.98,0.26,-25.064,0.102,540,160,10,177.2,4.3,5.15,0.42,11.177,0.037,8.23,0.11,nd,nd,nd
NGC1581,nid,4.4124889,-54.942,E/S0,22.8,1.6,Hubble,0.024,-18.96,0.3,-21.944,0.107,4,4,61,nd,nd,1.15,0.08,nd,nd,5.93,0.3,nd,nd,nd
NGC1600,nid,4.5277361,-5.0860833,E3,66,4.6,Hubble,0.147,-23.33,0.2,-26.073,0.102,2850,500,88,334.3,7.2,14.53,1.01,12.179,0.032,9.04,0.07,nd,nd,nd
UGCA-92,nid,4.5343056,63.6161111,Im,3.01,0.3,TRGB,2.173,-14.71,0.2,nd,nd,2,2,37,nd,nd,1.01,0.11,nd,nd,5.44,0.3,nd,nd,nd
ESO-118-034,nid,4.6715111,-58.7441889,S0,16.6,1.2,Hubble,0.043,-17.45,0.2,-20.517,0.115,3,2,61,nd,nd,0.5,0.04,nd,nd,5.73,0.22,nd,nd,nd
NGC1700,nid,4.9489833,-4.8659744,E4,44.26,3.38,SBF,0.142,-22.14,0.2,-25.157,0.102,1320,270,12,238.5,4.2,3.97,0.3,11.322,0.033,8.63,0.08,nd,nd,nd
UGC-3274,A539-2,5.27692,6.4417,MG,115.7,8.1,Hubble,0.459,-21.1,0.2,-25.549,0.127,6870,1970,7,195.2,10.7,nd,nd,nd,nd,9.28,0.11,nd,nd,nd
CGCG421-019,A539-1,5.2819853,6.5524695,E,138.4,9.7,Hubble,0.522,-22.3,0.2,-25.687,0.105,6850,2100,7,311.6,17.6,nd,nd,nd,nd,9.35,0.12,nd,nd,nd
LMC,PGC17223,5.3929433,-69.756104,Irr,0.05,0,Cepheids/RRL,0.206,-18.36,0.2,nd,nd,16,5,37,nd,nd,nd,nd,nd,nd,6.5,0.12,nd,nd,nd
ESO-306-017,PGC017570,5.6685313,-40.8362699,E3/cD,154.26,7.71,Hubble,0.108,-23.7,0.2,-26.43,0.119,11577,1046,1a,269.9,13.1,37.39,6,12.404,0.045,9.67,0.04,nd,nd,nd
NGC2082,nid,5.6975333,-64.3010833,SBb,17.8,1.3,Hubble,0.192,-19.38,0.21,-21.912,0.112,27,17,22,nd,nd,2.23,0.16,nd,nd,6.78,0.21,nd,nd,nd
NGC2329,A569-1,7.1522255,48.6156184,E/S0,84,5.9,Hubble,0.236,-22.41,0.29,-25.246,0.104,2120,780,7,239.9,4.7,8.58,0.5,11.662,0.027,8.85,0.14,0,8.36,0
UGC-3755,nid,7.2310228,10.5210645,Im,7.41,0.8,TRGB,0.244,-15.5,0.2,nd,nd,9,3,37,nd,nd,0.86,0.1,nd,nd,6.12,0.12,nd,nd,nd
ESO-059-01,nid,7.5217875,-68.1875311,Ibsm,4.57,0.5,TRGB,0.402,-14.6,0.2,nd,nd,1,1,37,nd,nd,1.06,0.2,nd,nd,5.13,0.3,nd,nd,nd
NGC2434,nid,7.5808894,-69.2842123,E0,21.58,3.08,SBF,0.821,-21.23,0.35,-23.873,0.103,143,40,36,186.9,6.8,2.89,0.41,10.972,0.061,7.61,0.11,nd,nd,nd
UGC-3974,nid,7.6987222,16.8025,Ibm,8.04,0.8,TRGB,0.092,-15.33,0.2,nd,nd,4,2,37,nd,nd,nd,nd,nd,nd,5.76,0.18,nd,nd,nd
UGC-4115,nid,7.9505994,14.3910145,Im,7.72,0.8,TRGB,0.077,-15.12,0.2,nd,nd,5,2,37,nd,nd,1.01,0.1,nd,nd,5.85,0.15,nd,nd,nd
UGC-4289,A634-1,8.2624655,58.3208441,E,117.9,8.3,Hubble,0.161,-22.46,0.26,-25.54,0.106,2690,740,7,245.2,7.3,10.33,0.73,11.762,0.034,8.96,0.11,nd,nd,nd
DDO-52,nid,8.4745681,41.8566093,Im,10.4,1,TRGB,0.1,-14.98,0.2,nd,nd,2,2,37,nd,nd,1.5,0.15,nd,nd,5.45,0.3,nd,nd,nd
KK-197,PGC-46680,8.6325556,-57.9738889,Im,3.87,0.4,TRGB,0.466,-13.04,0.2,-16.482,0.123,3,2,37,nd,nd,nd,nd,nd,nd,5.58,0.22,nd,nd,nd
NGC2683,nid,8.87811,33.4211,Sb,7.73,1.39,SBF,0.109,-19.8,0.46,-23.125,0.101,120,40,82,117.5,9,2.09,0.38,10.429,0.083,7.45,0.12,nd,nd,nd
NGC2758,nid,9.0920136,-19.04277,SBbc,32.4,2.3,Hubble,0.346,-20.57,0.2,-21.147,0.143,99,32,22,nd,nd,2.66,0.19,nd,nd,7.41,0.12,nd,nd,nd
A754-1,PGC25714,9.1423333,-9.63,E,239.3,16.8,Hubble,0.172,-24.19,0.2,-26.531,0.113,16400,4800,6,346,9.8,33.24,2.33,12.569,0.034,9.85,0.11,nd,nd,nd
A754-2,PGC25721,9.1441444,-9.62525,S,240,16,Hubble,0.17,-22.1,0.2,-24.611,0.135,4600,800,6,nd,nd,nd,nd,nd,nd,9.17,0.07,nd,nd,nd
NGC2768,nid,9.1937446,60.0372538,E,22.39,2.62,SBF,0.147,-22.03,0.36,-24.769,0.105,720,240,61,181.1,3.7,6.8,0.8,11.317,0.05,8.36,0.12,nd,nd,nd
NGC2778,nid,9.206775,35.0274167,E,22.91,3.39,SBF,0.069,-19.45,0.36,-22.294,0.104,50,30,36,175,8,1.75,0.26,10.698,0.065,7.05,0.2,7.15,0.3,0.3
NGC2832,A779-1,9.3296571,33.7495665,E2,102.8,7.2,Hubble,0.06,-23.25,0.2,-26.368,0.103,4400,1000,Jul-53,334,7.4,12.73,0.89,12.121,0.032,9.22,0.09,0,9.95,0
NGC2865,nid,9.3917154,-23.1616091,E3,37.84,3.65,SBF,0.27,-21.5,0.26,-24.461,0.102,712,108,92,171.6,3.5,2.63,0.25,10.858,0.042,8.32,0.06,nd,nd,nd
ESO-498-005,nid,9.4113051,-25.0926736,SABd,32,3,TF,0.108,-19.7,0.2,-22.322,0.116,58,12,22,nd,nd,3.77,0.3,nd,nd,7.13,0.08,nd,nd,nd
NGC2915,PGC26761,9.4365278,-76.6263889,SBab,4.06,0.2,TRGB,0.753,-16.12,0.2,-18.298,0.115,>3,0,66a,nd,nd,0.31,0.06,nd,nd,nd,nd,nd,nd,nd
NGC2902,nid,9.5146999,-14.7358814,S0,33.3,2.4,Hubble,0.217,-20.62,0.31,-23.531,0.104,35,20,61,nd,nd,2.48,0.18,nd,nd,6.96,0.2,nd,nd,nd
NGC3056,nid,9.909134,-28.2980459,S0-a,12.19,1.49,SBF,0.296,-19.06,0.41,-21.824,0.103,23,10,61,74.5,3.1,0.97,0.12,9.7,0.056,6.69,0.16,nd,nd,nd
NGC3031,M81,9.9258686,69.0654379,Sab,3.55,0.07,TRGB/Cepheid,0.266,-21.08,0.2,-23.949,0.102,300,100,72/89,143,7,3.41,0.07,10.812,0.03,7.92,0.12,7.84,0.11,0.06
NGC3073,nid,10.0144637,55.6189152,E/S0,33.73,18.03,SBF,0.033,-19.27,1.44,-21.84,0.126,130,20,18,34.8,3.9,1.66,0.89,9.272,0.193,7.45,0.06,nd,nd,nd
ESO-499-037,nid,10.0616193,-27.0278003,SABc,16.9,3.42,TF,0.205,-19.15,0.2,-18.474,0.153,14,11,22,nd,nd,3.61,0.73,nd,nd,6.48,0.25,nd,nd,nd
NGC3115,nid,10.0872139,-7.7185556,S0,10,0.5,SBF/PNLF,0.157,-21.19,0.2,-24.134,0.101,550,80,26,230,11,1.51,0.06,10.871,0.033,8.19,0.06,8.96,0.19,0.15
NGC3115DW1,PGC029300,10.0948889,-7.9813889,dEN,10.1,0.3,SBF/PNLF/TRG,0.174,-17.64,0.2,-19.987,0.13,60,20,25/80,29,10,2.5,0.8,9.291,0.2,7.04,0.12,nd,nd,nd
IKN,nid,10.134985,68.3992608,dSph,3.75,0.4,TRGB,0.168,-11.51,0.2,nd,nd,5,2,37,nd,nd,nd,nd,nd,nd,5.78,0.15,nd,nd,nd
NGC3156,nid,10.2114599,3.1293359,S0,22.39,1.49,SBF,0.113,-19.56,0.27,-22.214,0.107,115,15,18,83.5,6.8,1.56,0.1,10.005,0.054,7.42,0.05,nd,nd,nd
CGCG065-015,A999-1,10.3899275,12.8350704,E,144.4,10.1,Hubble,0.111,-22.3,0.2,-25.698,0.107,2160,780,7,272.2,13.1,2.4,0.3,11.219,0.058,8.85,0.13,nd,nd,nd
NGC3226,nid,10.3908331,19.8983583,E,23.55,2.75,SBF,0.075,-20.53,0.46,-23.298,0.107,470,200,46,193.5,5.1,3.93,0.46,11.136,0.05,8.08,0.15,nd,nd,nd
IC613,A1016-1,10.4521639,11.0106843,E,143.9,10.1,Hubble,0.085,-21.85,0.2,-25.108,0.111,1330,440,7,261.9,5.9,1.72,0.2,11.041,0.049,8.61,0.12,nd,nd,nd
NGC3258,nid,10.4815547,-35.6053845,E1,32.06,4.25,SBF,0.279,-21.33,0.33,-24.254,0.103,6000,150,5,276.1,9.4,4.65,0.62,11.518,0.058,9.24,0.01,nd,nd,nd
NGC3268,nid,10.5001969,-35.3255622,E2,34.83,4.25,Hubble,0.341,-21.6,0.34,-24.594,0.104,4750,150,5,223.5,30.2,5.71,0.7,11.424,0.089,9.15,0.01,nd,nd,nd
NGC3259,nid,10.5430151,65.0410954,SABb,25.7,1.8,Hubble,0.04,-20.35,0.3,-21.838,0.105,29,16,22,nd,nd,2.12,0.2,nd,nd,6.86,0.19,nd,nd,nd
NGC3311,nid,10.6118836,-27.5278788,E2,44.26,4,SBF,0.263,-21.84,0.2,-25.156,0.107,16500,2000,20,185.2,7,18.91,1.88,11.781,0.046,9.71,0.05,nd,nd,nd
NGC3348,nid,10.7861083,72.8396667,E0,41.5,2.9,Hubble,0.245,-22.19,0.31,-25.152,0.101,3100,1000,20,238.4,10,5.26,0.37,11.444,0.038,9,0.12,nd,nd,nd
NGC3377,nid,10.7951044,13.9856408,E5,11.04,0.25,TRGB/SBF,0.113,-19.95,0.2,-22.786,0.104,191,15,18,145,7,1.84,0.04,10.557,0.03,7.66,0.03,8.25,0.19,0.29
NGC3379,M105,10.7971083,12.5816111,E1,10.2,0.5,TRGB,0.081,-20.9,0.2,-23.782,0.102,216,42,26/86,206,10,1.79,0.14,10.849,0.043,7.77,0.08,8.04,0.22,0.26
NGC3384,nid,10.8046995,12.6294009,SB0,10.8,0.77,SBF,0.088,-20.49,0.2,-23.427,0.102,120,30,42a,143,7,1.4,0.09,10.426,0.04,7.49,0.1,7.04,0.16,0.26
LGC-0050,LSBC-D640-11,10.8504167,13.3333333,dE/N,11,2,Leogroup,0.07,-14.13,0.2,nd,nd,7.5,4,67,nd,nd,nd,nd,nd,nd,6,0.19,nd,nd,nd
NGC3414,nid,10.8544917,27.9748333,S0,25.23,4.14,SBF,0.081,-21.1,0.42,-24.037,0.101,400,200,61,236.8,7.5,2.54,0.42,11.122,0.069,8.05,0.18,8.4,0.06,0.08
NGC3455,nid,10.9086324,17.2847178,SABb,20.6,1.5,Hubble,0.091,-17.86,0.2,-21.192,0.113,27,14,22,nd,nd,nd,nd,nd,nd,6.7,0.18,nd,nd,nd
NGC3489,nid,11.0051603,13.9011902,S0,12.08,0.86,SBF,0.055,-20.18,0.2,-23.046,0.1,100,50,61,104.5,2.3,1.19,0.09,10.082,0.033,7.39,0.18,nd,nd,nd
UGC-6203,A1177-1,11.1623418,21.7587474,E,141.6,9.9,Hubble,0.049,-22.1,0.2,-26.072,0.107,4880,1400,7,268.3,7.1,nd,nd,nd,nd,9.19,0.11,nd,nd,nd
NGC3557,nid,11.166028,-37.539245,E,45.71,4.87,SBF,0.327,-23.25,0.29,-26.132,0.101,1075,740,71,267.7,8.3,7.56,0.81,11.703,0.048,8.61,0.23,nd,nd,nd
NGC3550,A185-1,11.1773588,28.7677111,S0,152.7,10.7,Hubble,0.074,-22.8,0.3,-25.968,0.105,6600,1650,7,192.1,6.7,nd,nd,nd,nd,9.37,0.1,nd,nd,nd
NGC3556,M108,11.1919311,55.6741454,SBc,12.42,0.9,Hubble,0.057,-20.5,0.2,-23.436,0.102,290,80,82,nd,nd,5.98,0.43,nd,nd,7.87,0.11,nd,nd,nd
NGC3585,nid,11.2214178,-26.754864,E7,21.2,1.73,SBF,0.212,-21.81,0.23,-24.952,0.102,300,100,81,213,10,4.27,0.37,11.256,0.045,7.96,0.12,8.51,0.15,0.13
NGC3599,nid,11.2574983,18.1103312,S0,20.32,1.76,SBF,0.068,-19.66,0.33,-22.276,0.103,29,10,61,67.3,4.4,2.35,0.2,9.996,0.051,6.82,0.13,nd,nd,nd
NGC3607,nid,11.2818155,18.0518988,S0,20,2,Hubble,0.069,-21.5,0.2,-24.519,0.103,600,200,60,229,11,4.18,0.42,11.31,0.05,8.25,0.12,8.15,0.1,0.15
NGC3608,nid,11.2830365,18.1485382,E2,23,2,SBF,0.069,-21.11,0.2,-23.72,0.101,450,200,60,182,9,3.74,0.25,11.062,0.04,8.1,0.16,8.67,0.09,0.1
NGC3610,nid,11.3070194,58.7862222,E5,35.1,4,SBF,0.033,-22.02,0.27,-24.822,0.101,400,150,40/60/99,162,4.6,2.62,0.05,10.806,0.019,8.1,0.14,nd,nd,nd
IC712,A1314-1,11.580362,49.0777584,E,146.6,10.3,Hubble,0.045,-22.68,0.2,-25.945,0.105,3470,910,7,345.3,13.8,3,0.5,11.522,0.07,9.08,0.1,nd,nd,nd
NGC3818,nid,11.6992674,-6.1555814,E,36.31,11.78,SBF,0.118,-21.21,0.88,-23.946,0.105,590,40,18,194.8,4.7,4,1.3,11.15,0.123,8.22,0.03,nd,nd,nd
NGC3842,A1367-1,11.7339363,19.9496957,E,94.9,6.7,Hubble,0.071,-23.14,0.2,-25.812,0.103,12000,3000,13-Jul,315,8,17.38,1.23,12.205,0.033,9.65,0.1,9.99,0.12,0.13
NGC3870,nid,11.7657223,50.1998609,S0,13.6,1,Hubble,0.052,-17.68,0.27,-19.853,0.108,13,5,61,27.6,5.7,0.51,0.04,8.558,0.115,6.38,0.14,nd,nd,nd
NGC3923,nid,11.8504901,-28.8059748,E4,22.91,3.15,SBF,0.275,-22.28,0.54,-25.33,0.104,2800,300,26/92/101,256.6,6.3,6.51,0.89,11.601,0.058,8.96,0.04,nd,nd,nd
NGC4013,nid,11.9753802,43.946764,Sb,17.74,1.6,TF,0.055,-20.07,0.31,-23.617,0.102,190,40,39/82,nd,nd,4.8,0.43,nd,nd,7.66,0.08,nd,nd,nd
NGC4033,nid,12.0096242,-17.8424655,E,21.09,2.36,SBF,0.157,-20.08,0.37,-22.939,0.103,160,15,18,143.2,12.3,1.34,0.15,10.408,0.066,7.59,0.04,nd,nd,nd
NGC4073,nid,12.0741877,1.8959276,E/cD,89,4.5,Hubble,0.074,-23.29,0.2,-26.266,0.104,8300,500,10a/43a,277.2,8.6,3.38,0.3,11.383,0.044,9.5,0.03,nd,nd,nd
IC3019,VCC-9,12.1561944,13.9924123,E,17.14,0.73,SBF,0.106,-18.04,0.2,nd,nd,25.7,6.4,77,nd,nd,nd,nd,nd,nd,6.69,0.1,nd,nd,nd
IC3025,VCC-21,12.1730797,10.1884664,S0-a,19.24,1.19,SBF,0.058,-16.83,0.2,-19.005,0.194,20.7,6.5,77,nd,nd,nd,nd,nd,nd,6.54,0.12,nd,nd,nd
NGC4150,nid,12.1760162,30.4015662,S0,13.74,1.61,SBF,0.06,-19.11,0.39,-21.708,0.101,7,4,56,85,8.4,1.18,0.14,9.899,0.073,6.18,0.2,0,6.38,0
NGC4157,nid,12.184549,50.4849043,SABb,15.43,3.1,TF,0.071,-19.66,0.2,-23.586,0.103,80,20,82,90.1,4.3,2.64,0.53,10.3,0.083,7.26,0.1,nd,nd,nd
IC3032,VCC-33,12.1854828,14.2749158,E,15.04,0.95,SBF,0.101,-16.39,0.2,-18.727,0.139,2.2,4.2,77,nd,nd,nd,nd,nd,nd,5.55,0.46,nd,nd,nd
NGC4163,nid,12.20256,36.169349,Irr,2.91,0.04,TRGB,0.054,-14.21,0.2,-14.954,0.137,2,2,37,nd,nd,0.38,nd,nd,nd,5.42,0.3,nd,nd,nd
KKH-77,UGC-7242,12.2356685,66.0946866,I,5.42,0.5,TRGB,0.051,-14.58,0.2,nd,nd,2,2,37,nd,nd,0.47,0.05,nd,nd,5.44,0.3,nd,nd,nd
NGC4203,nid,12.2513933,33.1972193,E/S0,15.14,1.31,SBF,0.04,-20.08,0.42,-23.499,0.101,175,100,61,162.4,5.9,1.49,0.13,10.563,0.042,7.63,0.2,0,8.08,0
IC3065,VCC-140,12.2534963,14.4328746,S0,16.4,0.57,SBF,0.098,-17.51,0.2,nd,nd,21.3,6.1,77,nd,nd,nd,nd,nd,nd,6.58,0.11,nd,nd,nd
VCC-158,nid,12.2611473,15.0055694,dE3N,16,2,Virgo,0.108,-15.98,0.2,nd,nd,10.4,5.4,67,nd,nd,nd,nd,nd,nd,6.2,0.18,nd,nd,nd
NGC4216,VCC-167,12.2650908,13.1495788,Sb,16,1,Virgo,0.087,-21.81,0.2,-24.506,0.102,620,310,43a,206.8,9.6,2.73,0.3,11.036,0.05,8.28,0.18,nd,nd,nd
VCC-200,nid,12.276029,13.0314159,E,18.22,0.69,SBF,0.084,-17.12,0.2,-18.8,0.156,15.5,5.8,77,nd,nd,nd,nd,nd,nd,6.43,0.14,nd,nd,nd
IC3101,VCC-230,12.2887939,11.9435126,E,17.82,0.93,SBF,0.076,-16.21,0.2,-18.345,0.228,28.7,6.7,77,nd,nd,nd,nd,nd,nd,6.65,0.09,nd,nd,nd
VCC-240,nid,12.29203,14.3556,dE2N,16,2,Virgo,0.09,-13.61,0.2,nd,nd,8.5,4.8,67,nd,nd,0.45,0.05,nd,nd,6.04,0.19,nd,nd,nd
IC3131,VCC-0308,12.3141181,7.8616444,E,27.7,2,Hubble,0.058,-17.6,0.2,-21.128,0.163,8,3,61,nd,nd,nd,nd,nd,nd,6.16,0.14,nd,nd,nd
NGC4261,nid,12.3230597,5.8250408,E2,31.62,2.89,SBF,0.06,-22.14,0.21,-25.143,0.104,1242,250,9,315,15,7.42,0.68,11.836,0.047,8.6,0.08,8.71,0.08,0.09
NGC4262,VCC-355,12.3251724,14.8775797,SB0,15.42,0.43,SBF,0.116,-19.51,0.2,-22.597,0.101,100,31,77,189.7,14.3,0.82,0.02,10.441,0.045,7.35,0.12,nd,nd,nd
UGC-7369,nid,12.327428,29.8830783,dSph,11.6,1,TRGB,0.053,-16.17,0.2,-18.534,0.131,22,7,37,nd,nd,0.84,0.1,nd,nd,6.54,0.12,nd,nd,nd
NGC4267,VCC-369,12.3292582,12.7984218,SB0,15.82,0.54,SBF,0.157,-20.22,0.2,-23.171,0.103,179,17,77,164.7,5.3,3.18,0.11,10.905,0.024,7.65,0.04,nd,nd,nd
NGC4278,nid,12.3352206,29.2806358,E,16.07,1.55,SBF,0.095,-20.97,0.34,-23.856,0.101,1100,300,46/60,237.2,5.2,2.68,0.26,11.147,0.042,8.48,0.1,0,8.23,0
NGC4291,nid,12.3382472,75.3709444,E,26.18,4.16,SBF,0.121,-20.74,0.38,-23.686,0.101,950,170,60,242,12,2.19,0.35,11.077,0.07,8.4,0.07,8.98,0.1,0.18
VCC-437,nid,12.346896,17.4871256,S0,17.17,0.65,SBF,0.084,-17.82,0.2,-19.653,0.135,42.1,7.9,77,47,6,2.97,0.11,9.785,0.073,6.89,0.07,nd,nd,nd
VCC-452,nid,12.3513338,11.7546998,dE4N,16,2,Virgo,0.077,-15.88,0.2,nd,nd,18.1,6.2,67,23.8,1.1,nd,nd,nd,nd,6.44,0.13,nd,nd,nd
VCC-503,nid,12.36395,8.541,dE3N,16,2,Virgo,0.051,-14.88,0.2,nd,nd,2.9,4.3,67,nd,nd,nd,nd,nd,nd,5.61,0.39,nd,nd,nd
VCC-529,nid,12.3690531,9.8944991,dE4N,16,2,Virgo,0.065,-13.47,0.2,nd,nd,4.1,4.1,67,nd,nd,nd,nd,nd,nd,5.72,0.3,nd,nd,nd
NGC4309A,VCC-538,12.37075,7.1672222,E,22.95,0.97,SBF,0.054,-16.24,0.2,-18.532,0.248,0.6,3.5,77,nd,nd,nd,nd,nd,nd,4.98,0.83,nd,nd,nd
VCC-543,UGC-7436,12.3720924,14.7608234,S0,15.72,0.57,SBF,0.087,-17.41,0.2,-19.648,0.144,18.1,5.5,77,30.5,2,2.13,0.08,9.265,0.041,6.51,0.12,nd,nd,nd
VCC-571,nid,12.3780998,7.9503588,S0-a,23.79,1.12,SBF,0.059,-17.32,0.2,-19.408,0.189,10.9,5.6,77,nd,nd,nd,nd,nd,nd,6.28,0.18,nd,nd,nd
NGC4318,VCC-575,12.3786891,8.1982701,E,22.08,0.62,SBF,0.083,-18.5,0.21,-21.382,0.108,18,6.1,77,95,3.9,0.77,0.02,9.811,0.027,6.56,0.13,nd,nd,nd
VCC-646,nid,12.39212,17.7946,dE3,16,2,Virgo,0.082,-12.9,0.2,nd,nd,5.3,4.6,67,nd,nd,nd,nd,nd,nd,5.83,0.27,nd,nd,nd
NGC4340,VCC-654,12.3931399,16.7224629,IB,16,2,TF,0.072,-17.56,0.43,-22.707,0.102,45,16,77,116.3,3,2.75,0.4,10.54,0.061,6.91,0.13,nd,nd,nd
NGC4350,VCC-685,12.3993938,16.6934705,S0,15.5,0.78,GCLF,0.093,-20.05,0.2,-23.147,0.1,196,60,77,180.5,7.2,2.05,0.1,10.793,0.031,7.68,0.12,8.74,0.1,0.1
NGC4352,VCC-698,12.4013879,11.2180617,S0,18.64,0.1,SBF,0.084,-18.86,0.2,-21.495,0.11,114,12,77,69.8,5.9,2,0.01,9.957,0.049,7.38,0.04,nd,nd,nd
NGC4365,VCC-731,12.4078472,7.3175759,E3,23.33,0.65,SBF,0.07,-22.35,0.2,-25.207,0.104,3246,598,77,256.1,3.4,7.83,0.22,11.679,0.014,9.03,0.07,nd,nd,nd
VCC-747,nid,12.4132726,8.9915323,dE0N,18.5,2.1,Hubble,0.059,-15.47,0.2,nd,nd,16.4,5.7,67,nd,nd,nd,nd,nd,nd,6.38,0.13,nd,nd,nd
IC3292,VCC-751,12.4134315,18.1950949,S0-a,15.79,0.58,SBF,0.091,-16.97,0.2,-19.173,0.12,9.2,4.3,77,nd,nd,0.99,0.1,nd,nd,6.19,0.17,nd,nd,nd
NGC4371,VCC-759,12.4153949,11.7042761,SB0,16.98,0.48,SBF,0.122,-20.46,0.2,-23.445,0.103,200,41,77,137.1,2.6,2.77,0.08,10.684,0.017,7.71,0.08,nd,nd,nd
NGC4374,VCC-763/M84,12.4176847,12.8870714,E1,18.51,0.61,SBF,0.134,-22.36,0.2,-25.13,0.103,4301,1201,77,296,14,5.46,0.18,11.648,0.031,9.15,0.11,8.96,0.05,0.04
NGC4377,VCC-778,12.4200851,14.7622825,S0,17.67,0.59,SBF,0.12,-19.48,0.2,-22.42,0.101,74,32,77,144.1,9.8,0.97,0.03,10.272,0.042,7.22,0.16,nd,nd,nd
NGC4379,VCC-784,12.420754,15.6074246,S0,15.88,0.52,SBF,0.077,-19.36,0.2,-22.248,0.102,50,14,77,115.9,4.8,1.18,0.04,10.167,0.028,7.04,0.11,nd,nd,nd
NGC4382,VCC-798/M85,12.4233458,18.1907561,S0,17.88,0.56,SBF,0.103,-22.25,0.2,-25.128,0.102,1110,181,77,178.7,5,7.48,0.23,11.347,0.021,8.56,0.07,0,7.81,0
NGC4387,VCC-828,12.4282469,12.8104541,E,18,0.62,SBF,0.11,-19.27,0.2,-22.135,0.102,69.5,9.8,77,105,2.5,1.27,0.04,10.115,0.02,7.18,0.06,nd,nd,nd
IC3328,VCC-856,12.432742,10.0537409,E,16.85,0.6,SBF,0.067,-17.57,0.2,-19.837,0.159,43.4,7.9,77,33.6,1.7,1.29,0.05,9.131,0.033,6.89,0.07,nd,nd,nd
VCC-871,nid,12.4349003,12.5596651,dE4N,16,2,Virgo,0.09,-16.36,0.2,nd,nd,18.2,5.8,67,nd,nd,1.42,0.17,nd,nd,6.46,0.12,nd,nd,nd
NGC4406,VCC-881/M86,12.4365983,12.9461081,E3,17.09,0.52,SBF,0.098,-22.36,0.2,-25.071,0.104,2800,200,77,234.8,3.1,12.69,0.39,11.814,0.015,8.97,0.03,nd,nd,nd
VCC-896,nid,12.4396125,12.7866299,dE3N,16,2,Virgo,0.079,-13.97,0.2,nd,nd,5.3,4.6,67,nd,nd,0.66,0.11,nd,nd,5.84,0.27,nd,nd,nd
VCC-940,nid,12.44641,12.454047,dE1N,18.7,2,SBF,0.084,-16.96,0.2,-19.485,0.128,61.4,9.5,67,32.4,1.7,1.75,0.19,9.233,0.054,7.02,0.06,nd,nd,nd
NGC4417,VCC-944,12.4473867,9.5842429,SB0,16.03,0.53,SBF,0.081,-20,0.2,-22.86,0.104,72,10,77,135.2,2.7,1.22,0.04,10.318,0.018,7.24,0.06,nd,nd,nd
NGC4417,VCC-944,12.4473867,9.5842429,SB0,16.03,0.53,SBF,0.081,-20,0.2,-22.86,0.104,72,10,77,135.2,2.7,1.22,0.04,10.318,0.018,7.24,0.06,nd,nd,nd
VCC-949,nid,12.4484701,10.6657846,dE4N,23,1.7,SBF,0.084,-16.57,0.2,nd,nd,23.1,6.9,67,nd,nd,2.98,0.22,nd,nd,6.58,0.11,nd,nd,nd
VCC-965,nid,12.4508701,12.5605406,dE7N,16.9,1.3,Hubble,0.082,-16.37,0.2,-18.397,0.165,15.4,5.3,67,42,8,2.09,0.16,9.535,0.107,6.39,0.13,nd,nd,nd
VCC-992,nid,12.4551879,8.212848,dE0N,16,2,Virgo,0.062,-15.87,0.2,nd,nd,3.5,4.8,67,nd,nd,0.79,0.09,nd,nd,5.73,0.38,nd,nd,nd
NGC4431,nid,12.4576049,12.2903069,S0,15.8,0.4,SBF,0.094,-18.2,0.2,-20.695,0.11,11,5,61,48.4,5.2,1.68,0.04,9.564,0.062,6.33,0.16,nd,nd,nd
NGC4434,VCC-1025,12.4601861,8.1543056,E,22.48,0.78,SBF,0.074,-19.68,0.2,-22.556,0.104,141,34,77,120.2,2.9,1.42,0.05,10.281,0.021,7.51,0.09,nd,nd,nd
NGC4435,VCC-1030,12.4612448,13.0789039,SB0,16.65,0.52,SBF,0.1,-20.4,0.2,-23.821,0.101,345,80,77,156.7,5.8,2.94,0.09,10.828,0.026,7.94,0.09,0,6.88,0
VCC-1049,UGC-7580,12.4652328,8.0904719,S0-a,16.02,0.58,SBF,0.062,-16.69,0.2,-19.492,0.174,8.4,4.5,77,28,15,nd,nd,nd,nd,6.14,0.19,nd,nd,nd
NGC4442,VCC-1062,12.4677458,9.8036849,SB0,15.31,0.52,SBF,0.073,-20.56,0.2,-23.639,0.103,178,30,77,186.7,8.6,1.74,0.06,10.752,0.031,7.66,0.07,nd,nd,nd
VCC-1073,nid,12.4690523,12.0932895,dE3N,16,2,Virgo,0.076,-17.54,0.2,-20.27,0.158,19.6,6.8,67,44.5,2.1,2.04,0.29,9.574,0.063,6.55,0.13,nd,nd,nd
VCC-1077,nid,12.46953,12.8068,dE0N,16,2,Virgo,0.064,-12.55,0.2,nd,nd,1.8,5.3,67,nd,nd,nd,nd,nd,nd,5.35,0.6,nd,nd,nd
NGC4449,nid,12.4697278,44.0930273,IB,4.13,0.21,TRGB,0.064,-18.56,0.24,-20.836,0.108,12,5,2,nd,nd,1.54,0.08,nd,nd,6.38,0.15,nd,nd,nd
IC3383,VCC-1075,12.4700923,10.297706,E,16.18,0.75,SBF,0.074,-16.78,0.2,-18.232,0.248,16.5,5.2,77,33,9,1.66,0.08,9.226,0.143,6.44,0.12,nd,nd,nd
IC3381,VCC-1087,12.4708115,11.7898275,E,16.67,0.59,SBF,0.072,-17.79,0.2,-20.069,0.155,66,9.5,77,39.1,1.5,2.85,0.1,9.608,0.027,7.09,0.06,nd,nd,nd
VCC-1105,nid,12.4742934,14.155745,dE0N,16,2,Virgo,0.121,-15.55,0.2,nd,nd,4.8,4,67,nd,nd,nd,nd,nd,nd,5.85,0.26,nd,nd,nd
VCC-1104,nid,12.4744587,12.8236608,dE1N,15.7,1.6,TRGB,0.059,-16.2,0.2,nd,nd,8,6,24,nd,nd,0.96,0.1,nd,nd,6.1,0.24,nd,nd,nd
VCC-1107,nid,12.475095,7.32525,dE4N,16,2,Virgo,0.057,-16.58,0.2,nd,nd,25.3,6.5,67,nd,nd,nd,nd,nd,nd,6.62,0.1,nd,nd,nd
NGC4452,VCC-1125,12.4786925,11.7550552,S0,15.85,1.07,GCLF,0.095,-19.12,0.2,-21.906,0.106,52.3,8.5,77,268.8,28.7,2.94,0.2,11.295,0.067,7.05,0.07,nd,nd,nd
NGC4458,VCC-1146,12.4826502,13.2418293,E0,16.32,0.53,SBF,0.079,-19.07,0.2,-21.757,0.102,72,12,77,102.7,2.9,1.44,0.05,10.151,0.022,7.19,0.07,nd,nd,nd
NGC4459,VCC-1154,12.4833389,13.9785556,S0,16.01,0.55,SBF,0.153,-20.81,0.2,-23.886,0.101,218,28,77,167,8,3.09,0.11,10.904,0.032,7.76,0.05,7.84,0.08,0.08
VCC-1167,nid,12.48672,7.8787,dE0N,16,2,Virgo,0.067,-16,0.2,nd,nd,14,9,24,nd,nd,1.02,0.3,nd,nd,6.33,0.22,nd,nd,nd
NGC4464,VCC-1178,12.4892528,8.1565556,S,15.8,0.54,SBF,0.072,-18.56,0.2,-21.421,0.104,25.3,9.2,77,126.9,3.4,0.53,0.02,9.898,0.022,6.71,0.13,nd,nd,nd
VCC-1185,nid,12.4898714,12.4506659,E,16.9,0.8,SBF,0.062,-16.77,0.2,-17.885,0.172,14,5.7,77,nd,nd,1.52,0.07,nd,nd,6.37,0.15,nd,nd,nd
NGC4472,VCC-1226/M49,12.4963306,8.0003889,E2,17.03,0.21,SBF,0.074,-22.82,0.2,-25.768,0.103,7000,800,77,293.8,2.9,12.65,0.16,12.007,0.008,9.39,0.05,9.26,0.12,0.18
NGC4473,VCC-1231,12.4969066,13.4293972,E5,15.25,0.51,SBF,0.094,-20.81,0.2,-23.77,0.103,376,97,77,190,9,3.01,0.1,11.005,0.031,8,0.1,7.95,0.19,0.29
NGC4474,VCC-1242,12.4982081,14.0686238,S0,15.46,0.58,SBF,0.14,-19.59,0.2,-22.261,0.101,116,24,77,87.7,4,2.09,0.08,10.176,0.031,7.42,0.08,nd,nd,nd
NGC4476,VCC-1250,12.4997498,12.3486308,S0,17.68,0.65,SBF,0.094,-19.14,0.2,-21.783,0.102,20.1,7.3,77,59.8,6,1.88,0.07,9.796,0.059,6.64,0.13,nd,nd,nd
VCC-1252,nid,12.5005624,9.474343,dE0N,16,2,Virgo,0.054,-12.87,0.2,nd,nd,7.6,4.9,67,nd,nd,0.58,0.06,nd,nd,5.98,0.22,nd,nd,nd
VCC-1254,nid,12.5014329,8.0737952,dE0N,16,2,Virgo,0.061,-16.67,0.2,-19.323,0.18,26,11,24/67,31.4,1.6,0.93,0.1,8.929,0.053,6.63,0.14,nd,nd,nd
NGC4482,VCC-1261,12.5028757,10.7795088,E,18.18,0.6,SBF,0.077,-19.64,0.2,-20.724,0.129,35.1,7.6,77,40.3,4.8,2.14,0.07,9.51,0.069,6.91,0.09,nd,nd,nd
VCC-1272,nid,12.5044515,13.3075107,dE1N,16,2,Virgo,0.073,-13.23,0.2,nd,nd,2.9,4,67,nd,nd,nd,nd,nd,nd,5.57,0.38,nd,nd,nd
NGC4478,VCC-1279,12.5049358,12.3268025,E2,17.05,0.57,SBF,0.082,-19.79,0.2,-22.812,0.101,58,11,77,137.4,2.4,1.08,0.04,10.277,0.018,7.13,0.08,nd,nd,nd
NGC4479,VCC-1283,12.5051053,13.5775551,S0,17.4,0.59,SBF,0.098,-18.86,0.2,-21.44,0.104,58.6,9.3,77,83.3,3.7,1.94,0.07,10.097,0.03,7.09,0.06,nd,nd,nd
NGC4486B,VCC-1297,12.5088833,12.4902222,E0,16.26,0.64,SBF,0.07,-17.77,0.2,-20.977,0.101,4,11,77,169.2,3.9,0.49,0.02,10.113,0.022,5.87,0.57,0,9,0
NGC4483,VCC-1303,12.5112912,9.0156507,S0-a,16.75,0.56,SBF,0.066,-18.96,0.2,-21.84,0.105,72,18,77,nd,nd,1.4,0.05,nd,nd,7.18,0.1,nd,nd,nd
VCC-1308,nid,12.5127518,11.343224,dE6N,16,2,Virgo,0.096,-16.59,0.2,-18.252,0.225,8.2,5.1,67,33.6,1.6,0.8,0.1,8.922,0.058,6.13,0.21,nd,nd,nd
VCC-1311,nid,12.5131411,7.6057586,dE1N,16,2,Virgo,0.052,-16,0.2,nd,nd,20,6,24/67,nd,nd,nd,nd,nd,nd,6.49,0.11,nd,nd,nd
NGC4486,VCC-1316/M87,12.5137243,12.391217,E0,17,0.3,SBF,0.074,-22.61,0.2,-25.348,0.102,13000,800,77,375,18,7.3,0.12,11.98,0.029,9.65,0.03,9.77,0.03,0.03
NGC4489,VCC-1321,12.5145121,16.7587743,E,15.38,0.5,SBF,0.092,-19.03,0.2,-21.58,0.104,31,9,77,53.1,2,1.3,0.04,9.533,0.026,6.82,0.11,nd,nd,nd
NGC4486A,VCC-1327,12.5160333,12.2703333,E,18.36,0.64,SBF,0.065,-18.7,0.2,-22.314,0.101,11,12,77,111,5,0.54,0.02,9.795,0.03,6.35,0.32,7.15,0.13,0.11
VCC-1333,nid,12.51698,7.7233,dE0N,16,6,Virgo,0.056,-14.9,0.2,nd,nd,11,8,24,nd,nd,nd,nd,nd,nd,6.19,0.24,nd,nd,nd
IC3442,VCC-1355,12.522275,14.1151,E,16.94,0.7,SBF,0.094,-17.51,0.2,-16.847,0.153,10.8,5.6,77,nd,nd,3.07,0.13,nd,nd,6.29,0.18,nd,nd,nd
NGC4494,nid,12.5233526,25.7746797,E1,17.06,0.89,SBF,0.071,-21.4,0.2,-24.17,0.103,392,49,35,150.2,3.7,4.02,0.21,10.927,0.026,8.05,0.05,nd,nd,nd
VCC-1363,nid,12.5243049,10.936096,dE3N,16,2,Virgo,0.088,-12.67,0.2,nd,nd,0,3,67,nd,nd,0.39,0.04,nd,nd,6.19,0.24,nd,nd,nd
VCC-1386,nid,12.5309392,12.6566595,dE3N,16,2,Virgo,0.069,-17.34,0.2,999999,99999,26.6,7.2,67,20.5,2.1,1.8,0.19,8.848,0.072,6.67,0.1,nd,nd,nd
VCC-1386,nid,12.5309392,12.6566595,dE3N,16.1,1.13,SBF,0.069,-16.9,0.2,nd,nd,26,12,24,nd,nd,nd,nd,nd,nd,6.64,0.16,nd,nd,nd
IC3461,VCC-1407,12.5341003,11.8900222,E,16.76,0.55,SBF,0.085,-16.72,0.2,-18.717,0.181,49.7,8.6,77,28.6,3.1,0.92,0.03,8.845,0.063,6.91,0.07,nd,nd,nd
IC3468,VCC-1422,12.5372808,10.2514683,E,15.4,0.53,SBF,0.087,-17.97,0.2,-20.436,0.151,24.9,6,77,34.4,3.8,1.51,0.05,9.221,0.064,6.67,0.09,nd,nd,nd
IC3470,VCC-1431,12.5398239,11.2629094,E,16.11,0.57,SBF,0.148,-17.39,0.2,-19.874,0.122,60.6,9.3,77,nd,nd,0.73,0.03,nd,nd,7.03,0.06,nd,nd,nd
IC798,VCC-1440,12.5426158,15.4154106,E,16.07,0.6,SBF,0.074,-16.86,0.2,-19.403,0.125,26.7,6.8,77,nd,nd,0.87,0.03,nd,nd,6.65,0.1,nd,nd,nd
NGC4517,nid,12.5459661,0.1146246,Sc,9.26,0.66,TF,0.079,-19.52,0.33,-22.513,0.105,270,60,39,nd,nd,4.16,0.3,nd,nd,7.79,0.09,nd,nd,nd
NGC4515,VCC-1475,12.5513766,16.2654979,S0,16.68,0.55,SBF,0.085,-18.79,0.2,-21.232,0.103,81,10,77,86,2.9,0.84,0.03,9.762,0.025,7.22,0.05,nd,nd,nd
IC3487,VCC-1488,12.5537421,9.3972438,E/S0,16.24,1.03,SBF,0.058,-16.78,0.2,-18.834,0.173,7.3,4.2,77,28.9,1.4,0.91,0.06,8.848,0.039,6.08,0.2,nd,nd,nd
IC3490,VCC-1489,12.5538613,10.9285504,E,18.19,1.35,SBF,0.101,-15.61,0.2,nd,nd,11.7,4.8,77,nd,nd,1.12,0.09,nd,nd,6.24,0.15,nd,nd,nd
VCC-1497,nid,12.55512,17.4594,dE4N,16,2,Virgo,0.071,-16.01,0.2,nd,nd,5.8,5.4,67,nd,nd,1.5,0.15,nd,nd,5.95,0.29,nd,nd,nd
IC3492,VCC-1499,12.5555005,12.8535563,E,16,2,Virgo,0.084,-16.53,0.2,-18.126,0.154,19,6.6,77,nd,nd,0.54,0.09,nd,nd,6.49,0.13,nd,nd,nd
VCC-1512,nid,12.5596318,11.2619432,S0,18.37,0.43,SBF,0.142,-16.25,0.2,nd,nd,4.7,3.8,77,nd,nd,0.81,0.02,nd,nd,5.87,0.26,nd,nd,nd
VCC-1514,nid,12.5604847,7.873191,dE7N,16,2,Virgo,0.053,-16.57,0.2,999999,99999,2.1,2.9,67,46,7,2.15,0.19,9.626,0.091,5.53,0.38,nd,nd,nd
IC3501,VCC-1528,12.5643352,13.3225267,E/S0,16.31,0.58,SBF,0.076,-17.16,0.2,-19.829,0.115,40.7,7.6,77,nd,nd,0.77,0.03,nd,nd,6.85,0.07,nd,nd,nd
VCC-1530,nid,12.5654725,5.7185909,dE2N,16,2,Virgo,0.062,-13.37,0.2,nd,nd,7.6,4.9,67,nd,nd,nd,nd,nd,nd,5.99,0.22,nd,nd,nd
NGC4526,VCC-1535,12.5675099,7.6992057,S0,16.9,1.63,SBF,0.074,-21.51,0.22,-24.674,0.102,388,117,77,251.1,16.1,1.96,0.48,11.061,0.101,8.06,0.11,0,8.48,0
NGC4528,VCC-1537,12.5683602,11.3212251,S0,15.79,0.5,SBF,0.151,-19.08,0.2,-22.04,0.102,31.4,7.2,77,116.8,7.1,0.79,0.03,10.001,0.038,6.83,0.09,nd,nd,nd
VCC-1539,nid,12.5685442,12.7415603,E,17,0.17,SBF,0.087,-16.05,0.2,nd,nd,31,7,77,nd,nd,1.19,0.01,nd,nd,6.68,0.09,nd,nd,nd
IC3509,VCC-1545,12.5698661,12.048979,E,16.82,0.64,SBF,0.114,-16.91,0.2,-19.157,0.124,54.2,8.8,77,nd,nd,0.88,0.03,nd,nd,6.96,0.07,nd,nd,nd
VCC-1577,nid,12.5773429,15.6027837,dE4,16,2,Virgo,0.077,-15.89,0.2,999999,99999,14.6,5.9,67,26,1.3,0.93,0.04,8.765,0.035,6.35,0.15,nd,nd,nd
IC3540,VCC-1614,12.5908932,12.7503131,S0,15.35,1.18,Hubble,0.127,-17.1,0.2,-19.668,0.113,26,10,61,nd,nd,0.66,0.05,nd,nd,6.65,0.14,nd,nd,nd
NGC4550,VCC-1619,12.5917858,12.2211893,SB0,15.44,0.49,SBF,0.129,-19.39,0.2,-22.265,0.102,84,19,77,96.4,4.2,1.42,0.05,10.088,0.029,7.27,0.09,nd,nd,nd
VCC-1627,nid,12.5936793,12.3820387,E,15.63,2.07,SBF,0.107,-16.46,0.2,-19.318,0.111,3.6,3.7,77,nd,nd,0.29,0.04,nd,nd,5.76,0.31,nd,nd,nd
NGC4551,VCC-1630,12.5938813,12.2639737,E,16.18,0.56,SBF,0.128,-19.15,0.2,-22.187,0.102,47,11,77,106.8,2.2,1.24,0.04,10.12,0.019,7.01,0.09,nd,nd,nd
NGC4552,VCC-1632/M89,12.5944024,12.5561149,E,15.89,0.55,SBF,0.136,-20.39,0.2,-24.292,0.103,1100,200,77,252.5,3.3,3.7,0.13,11.342,0.017,8.44,0.07,8.68,0.04,0.05
NGC4565,nid,12.6057747,25.987185,Sb,17.46,1.42,SBF,0.051,-21.68,0.27,-25.156,0.101,204,60,39,136,6.3,7.32,0.6,11.1,0.043,7.79,0.11,nd,nd,nd
VCC-1661,nid,12.6068829,10.3846685,E,15.85,1.27,SBF,0.055,-15.81,0.2,nd,nd,10.2,4.7,77,nd,nd,1.52,0.12,nd,nd,6.19,0.16,nd,nd,nd
NGC4564,VCC-1664,12.607493,11.4393999,E,15.87,0.53,SBF,0.116,-20,0.2,-23.078,0.102,213,31,77,162,8,1.78,0.06,10.638,0.032,7.71,0.06,7.92,0.1,0.14
NGC4570,VCC-1692,12.6148409,7.2466966,S0,17.12,0.57,SBF,0.073,-20.34,0.2,-23.483,0.101,139,23,77,187.9,8.5,1.92,0.06,10.801,0.03,7.54,0.07,nd,nd,nd
IC3586,VCC-1695,12.6152228,12.5200387,S0-a,16.54,0.62,SBF,0.123,-17.49,0.2,-18.975,0.129,14.4,5.7,77,nd,nd,2.17,0.08,nd,nd,6.41,0.14,nd,nd,nd
NGC4589,nid,12.6236194,74.1918611,E2,21.98,2.34,SBF,0.093,-21.07,0.28,-23.962,0.103,1052,162,60,224.1,5.3,4.12,0.44,11.284,0.046,8.46,0.06,nd,nd,nd
VCC-1714,nid,12.62378,14.3134,dE4N,16,2,Virgo,0.08,-13.2,0.2,nd,nd,0,4.5,67,nd,nd,nd,nd,nd,nd,6.19,0.16,nd,nd,nd
NGC4578,VCC-1720,12.62515,9.5551111,S0,16.35,0.54,SBF,0.07,-19.62,0.2,-22.671,0.105,62,13,77,120.3,9.6,2.46,0.08,10.519,0.048,7.15,0.08,nd,nd,nd
IC3602,VCC-1743,12.6352499,10.0824523,E,17.65,0.78,SBF,0.055,-16.33,0.2,-18.232,0.237,9.8,6.4,77,27,11,1.79,0.08,9.084,0.198,6.19,0.22,nd,nd,nd
IC3612,VCC-1779,12.6512929,14.7303293,S0-a,14.73,0.94,SBF,0.078,-16.9,0.2,-17.28,0.194,2.1,3.7,77,nd,nd,1.43,0.09,nd,nd,5.55,0.44,nd,nd,nd
NGC4605,nid,12.6664972,61.6090333,SBd,5.47,0.5,TRGB,0.039,-18.41,0.2,-20.932,0.104,22,7,37,nd,nd,1.18,0.1,nd,nd,6.64,0.12,nd,nd,nd
NGC4594,M104,12.6665134,-11.6230104,Sa,9.77,0.84,SBF,0.17,-22.12,0.2,-25.006,0.101,1900,200,86/93,240,12,3.41,0.29,11.262,0.046,8.78,0.04,8.72,0.3,0.57
IC3633,VCC-1826,12.6697924,9.8961063,E,16.24,0.66,SBF,0.047,-16.03,0.2,-17.562,0.226,4.5,3.9,77,22.3,2.2,0.6,0.02,8.443,0.059,5.84,0.27,nd,nd,nd
IC3635,VCC-1828,12.6703765,12.8748719,Sc,16.86,0.68,SBF,0.101,-16.78,0.2,-18.402,0.158,20.4,5.8,77,nd,nd,1.55,0.06,nd,nd,6.53,0.11,nd,nd,nd
VCC-1833,nid,12.6721322,15.935216,E,16.24,0.56,SBF,0.102,-17.13,0.2,-19.779,0.111,18.1,5.5,77,nd,nd,0.69,0.02,nd,nd,6.49,0.12,nd,nd,nd
IC3651,nid,12.6813645,26.7280487,S0,71.7,5,Hubble,0.042,-21,0.2,-23.85,0.109,2700,780,65,183,28.9,1.18,0.1,10.565,0.093,8.87,0.11,nd,nd,nd
IC3647,VCC-1857,12.6814207,10.4761071,Irr,16,2,Virgo,0.071,-16.64,0.2,nd,nd,10.8,5.9,77,nd,nd,2.33,0.21,nd,nd,6.25,0.19,nd,nd,nd
IC3652,VCC-1861,12.6829356,11.1844418,E,16.1,0.59,SBF,0.081,-17.6,0.2,-19.995,0.162,37.6,7.4,77,nd,nd,1.64,0.06,nd,nd,6.83,0.08,nd,nd,nd
IC3653,VCC-1871,12.6876997,11.3872355,E,15.49,0.55,SBF,0.085,-17.31,0.2,-20.383,0.112,10.4,5,77,49,2.9,0.55,0.02,9.088,0.038,6.26,0.17,nd,nd,nd
VCC-1876,nid,12.689043,14.700656,dE5N,16,2,Virgo,0.085,-16.8,0.2,999999,99999,25.9,7.4,67,26.7,1.3,1.39,0.07,8.964,0.036,6.64,0.11,nd,nd,nd
NGC4612,VCC-1883,12.6924278,7.3148511,S0,16.53,0.53,SBF,0.069,-21.12,0.2,-22.537,0.103,83,25,77,62.6,2.7,2.3,0.07,9.924,0.029,7.36,0.11,nd,nd,nd
VCC-1886,nid,12.6942766,12.2473845,E,15.74,1.39,SBF,0.086,-16.25,0.2,nd,nd,3.9,2.6,77,nd,nd,1.27,0.11,nd,nd,5.79,0.22,nd,nd,nd
VCC-1895,UGC-7854,12.6977735,9.4029063,E,15.86,0.51,SBF,0.047,-16.6,0.2,-18.701,0.174,6.3,4.3,77,nd,nd,1.16,0.04,nd,nd,6.01,0.23,nd,nd,nd
NGC4621,VCC-1903/M59,12.7006372,11.6473083,E5,14.85,0.5,SBF,0.11,-21.34,0.2,-24.125,0.103,803,355,77,225.1,3.2,4.57,0.15,11.333,0.016,8.36,0.16,8.6,0.06,0.07
IC809,VCC-1910,12.7024073,11.7543196,E,16.05,0.55,SBF,0.083,-17.39,0.2,-20.429,0.13,48.7,8.4,77,nd,nd,1.97,0.07,nd,nd,6.94,0.07,nd,nd,nd
NGC4623,VCC-1913,12.7029778,7.6769243,SB0,17.31,0.58,SBF,0.061,-19.94,0.2,-21.732,0.107,71,14,77,85.6,15.1,2.16,0.07,10.169,0.097,7.23,0.08,nd,nd,nd
NGC4638,VCC-1938,12.713175,11.4424444,S0,17.4,0.56,SBF,0.084,-20.1,0.2,-23.003,0.102,59.8,9.2,90,121.9,4,1.71,0.05,10.374,0.024,7.16,0.06,nd,nd,nd
NGC4636,nid,12.7137983,2.6876184,E0,14.66,0.9,SBF,0.092,-21.43,0.2,-24.419,0.106,4200,120,23,203.1,3.5,6.71,0.41,11.411,0.028,9.09,0.01,0,8.8,0
VCC-1948,nid,12.7161205,10.6819293,E,16.9,1.28,SBF,0.066,-16.06,0.2,nd,nd,2.5,3,77,nd,nd,nd,nd,nd,nd,5.59,0.34,nd,nd,nd
NGC4649,VCC-1978/M60,12.727789,11.5526723,E2,17.09,0.61,SBF,0.088,-22.41,0.2,-25.434,0.102,4000,500,77,385,19,7.12,0.25,11.992,0.033,9.13,0.05,9.63,0.09,0.11
NGC4660,VCC-2000,12.7422139,11.1905278,E,14.97,0.48,SBF,0.109,-19.74,0.2,-22.682,0.101,205,28,77,188.5,3.4,1.07,0.03,10.548,0.017,7.68,0.06,nd,nd,nd
IC3735,VCC-2019,12.7556684,13.6928515,E,17.09,0.62,SBF,0.06,-17.36,0.2,-19.792,0.13,23.9,6.1,77,37,7,1.5,0.05,9.281,0.104,6.63,0.1,nd,nd,nd
NGC4673,nid,12.7596327,27.0607672,E,101.9,7.1,Hubble,0.04,-21.28,0.2,-25.176,0.103,750,290,65,231.7,5.2,nd,nd,nd,nd,8.33,0.14,nd,nd,nd
IC3773,VCC-2048,12.7875832,10.2035497,E,14.38,0.94,GCLF,0.088,-17.85,0.2,-19.87,0.122,17.2,5.4,77,62.2,11.7,1.32,0.09,9.678,0.105,6.51,0.12,nd,nd,nd
IC3779,VCC-2050,12.7890441,12.1665506,E,15.8,0.63,SBF,0.064,-16.36,0.2,-18.191,0.16,9.2,4.3,77,43,5,1.18,0.05,9.306,0.068,6.17,0.17,nd,nd,nd
NGC4697,nid,12.8099952,-5.800602,E6,12.01,0.78,SBF,0.101,-21.27,0.2,-24.042,0.104,229,70,54,177,8,4.19,0.27,11.087,0.038,7.81,0.12,8.28,0.08,0.1
NGC4754,VCC-2092,12.8715444,11.3136389,SB0,16.05,0.55,SBF,0.111,-20.53,0.2,-23.625,0.104,110,12,42a/77,186.4,3.2,2.26,0.1,10.864,0.021,7.45,0.04,nd,nd,nd
NGC4762,VCC-2095,12.8822015,11.2307746,SB0,23.88,2.5,GCLF,0.072,-21.7,0.24,-24.599,0.104,240,25,42a/77,147.1,10.3,10.44,1.09,11.323,0.058,7.86,0.04,nd,nd,nd
NGC4816,nid,12.9367011,27.7454349,E/S0,102.7,7.2,Hubble,0.03,-22.25,0.35,-25.349,0.108,6100,1400,65,244.5,8.1,10.82,0.76,11.779,0.035,9.3,0.09,nd,nd,nd
A1644-1,PGC44257,12.9532222,-17.4094444,E/S0,208,14.6,Hubble,0.194,-23.7,0.2,-26.957,0.116,17700,4600,6,nd,nd,nd,nd,nd,nd,9.85,0.1,nd,nd,nd
NGC4839,nid,12.9567653,27.4976006,E,109.1,7.6,Hubble,0.032,-23.16,0.2,-25.994,0.106,6500,2000,53,284.8,4.7,19.36,1.35,12.165,0.031,9.38,0.12,nd,nd,nd
NGC4840,nid,12.9591072,27.6102687,E,90.8,6.4,Hubble,0.032,-21.12,0.28,-24.235,0.105,1290,620,65,238.1,6.1,3.03,0.2,11.204,0.032,8.56,0.17,nd,nd,nd
IC3959,nid,12.9856104,27.784217,E,105.1,7.4,Hubble,0.035,-20.99,0.2,-24.02,0.107,880,330,65,208,4.5,3.07,0.22,11.092,0.033,8.38,0.14,nd,nd,nd
PGC044560,MGC+5-31-063,12.9871855,28.0764001,E/S0,115.6,8.1,Hubble,0.032,-20.88,0.2,-23.084,0.131,2150,650,65,126,10.9,nd,nd,nd,nd,8.76,0.11,nd,nd,nd
IC3976,nid,12.9914916,27.8503408,E,101.9,7.1,Hubble,0.031,-20.53,0.2,-23.548,0.107,920,250,65,252,7.9,1.91,0.13,11.053,0.034,8.37,0.1,nd,nd,nd
NGC4874,nid,12.9932422,27.9593362,E/cD,106.4,7.5,Hubble,0.028,-23.48,0.26,-26.278,0.104,20000,2000,7/47/78,278.9,4.8,16.12,1.14,12.067,0.031,9.89,0.04,nd,nd,nd
NGC4881,nid,12.9993938,28.2464297,E,100.1,7,Hubble,0.036,-20.47,0.23,-24.615,0.107,295,89,47,199.6,3,5.43,0.38,11.304,0.031,7.88,0.11,nd,nd,nd
NGC4886,nid,13.0012407,27.987505,E,95.1,6.7,Hubble,0.031,-21.06,0.25,-26.487,0.102,1220,480,65,163.2,2.6,4.54,0.32,11.051,0.031,8.53,0.14,nd,nd,nd
IC4012,nid,13.0022101,28.0786343,E,107.7,7.5,Hubble,0.029,-20.41,0.2,-23.573,0.108,620,410,65,190.8,3.5,nd,nd,nd,nd,8.2,0.22,nd,nd,nd
NGC4889,nid,13.0022369,27.9770315,E4,96.6,6.8,Hubble,0.032,-23.47,0.2,-26.521,0.102,11000,2000,7/47/65,400.8,5.6,15.11,1.06,12.354,0.031,9.63,0.07,10.32,0.25,0.62
IC4021,nid,13.0040979,28.0413075,E,85.8,6,Hubble,0.029,-20.16,0.2,-22.893,0.11,160,159,65,171.9,5.8,1.47,0.1,10.607,0.035,7.59,0.3,nd,nd,nd
IC4026,nid,13.0061434,28.0469936,S0,120.9,8.5,Hubble,0.029,-21.01,0.2,-23.861,0.115,650,190,65,142.7,5.8,4.22,0.3,10.903,0.038,8.25,0.11,nd,nd,nd
IC4041,nid,13.0113535,27.9964853,E,105.4,7.4,Hubble,0.029,-20.86,0.2,-23.452,0.118,470,160,65,135.6,3.9,5.83,0.41,10.999,0.034,8.1,0.13,nd,nd,nd
IC4045,nid,13.0135192,28.0907897,E,103,7.2,Hubble,0.031,-21.39,0.2,-24.168,0.104,1100,510,65,217.1,3.9,3.18,0.22,11.144,0.031,8.5,0.17,nd,nd,nd
IC4051,nid,13.015133,28.0074725,E,129.4,9.1,Hubble,0.03,-21.26,0.2,-25.15,0.105,6700,530,47,250.1,5.1,12.19,0.86,11.851,0.032,9.28,0.03,nd,nd,nd
NGC4926,nid,13.0316005,27.6244299,E/S0,116.5,8.2,Hubble,0.03,-22.36,0.25,-25.443,0.103,1300,300,47,275.8,3.8,7.11,0.5,11.702,0.031,8.63,0.09,nd,nd,nd
NGC4980,nid,13.1528098,-28.6416627,Sa,24.8,1.8,Hubble,0.196,-19.9,0.2,-21.148,0.126,43,27,22,nd,nd,1.95,0.14,nd,nd,7.01,0.21,nd,nd,nd
ESO-269-58,nid,13.1758104,-46.9919891,I0,3.8,0.4,TRGB,0.291,-15.78,0.2,-17.305,0.11,8,3,37,nd,nd,0.66,0.1,nd,nd,6.08,0.14,nd,nd,nd
A1689-BCG,nid,13.1915278,-1.3380556,E/cD,790,40,Hubble,0.073,nd,nd,nd,nd,30000,20000,66b,nd,nd,nd,nd,nd,nd,10.1,0.4,nd,nd,nd
NGC5018,nid,13.2169453,-19.518201,E3,36.2,6,SNIa/GCLF,0.317,-22.34,0.4,-25.094,0.101,1000,300,49,209.6,4.9,3.87,0.64,11.199,0.068,8.52,0.11,nd,nd,nd
ESO-269-66,nid,13.2191017,-44.8900029,dE/N,3.82,0.4,TRGB,0.255,-13.89,0.2,nd,nd,4,2,37,nd,nd,0.72,0.1,nd,nd,5.72,0.18,nd,nd,nd
NGC5102,nid,13.3660052,-36.6300953,S0,3.29,0.24,TRGB,0.182,-18.14,0.2,-20.689,0.107,7,6,73,82,8,1.03,0.08,9.81,0.063,6.13,0.27,nd,nd,nd
KKS-55,LEDA-2815822,13.3702222,-42.7280556,dSph,3.94,0.4,TRGB,0.4,-11.17,0.2,nd,nd,1,1,37,nd,nd,nd,nd,nd,nd,5.07,0.3,nd,nd,nd
NGC5128,CentaurusA,13.424479,-43.0181183,E3p,3.8,0.07,TRGB,0.381,-21.26,0.2,-23.998,0.101,1300,300,43,150,7,6.15,0.12,11.11,0.029,8.57,0.09,7.71,0.13,0.19
ESO-509-G008,nid,13.4455899,-27.4393019,E/cD,155,8,Hubble,0.149,-23.35,0.2,-26.096,0.106,6000,1500,48,317.6,12.1,10,3,11.972,0.116,9.36,0.1,nd,nd,nd
ESO-444-G046,nid,13.465801,-31.4954581,E/cD,205,10,Hubble,0.137,-23.8,0.2,-27.08,0.113,32500,8000,48,251.9,13.2,30,5,12.248,0.073,10.12,0.1,nd,nd,nd
NGC5170,nid,13.4968794,-17.9664979,Sc,21.58,4.36,TF,0.264,-20.8,0.59,-24.071,0.105,500,200,27/32,90.2,10.1,6.28,1.27,10.677,0.099,8.12,0.15,nd,nd,nd
NGC5194,M51,13.4979698,47.195151,Sbc,7.62,0.43,PNLF,0.115,-21.16,0.2,-23.926,0.103,220,45,16,96,8.7,4.62,0.26,10.598,0.057,7.79,0.08,0,6.32,0
NGC5193,nid,13.5315347,-33.2339269,E,37.99,5,SBF,0.186,-21.53,0.33,-24.233,0.103,5878,355,74,205.7,6.2,4.2,0.55,11.219,0.056,9.24,0.03,nd,nd,nd
IC4296,A3565-BCG,13.6108474,-33.9658219,E,49.68,2.73,SBF,0.169,-23.08,0.2,-25.997,0.102,6400,300,74,322,16,10.71,0.59,12.014,0.037,9.37,0.02,9.13,0.06,0.07
NGC5236,M83,13.6169084,-29.865563,Sc,4.61,0.28,Cepheids,0.218,-21,0.2,-23.723,0.103,43,12,70,nd,nd,4.11,0.25,nd,nd,7.07,0.11,nd,nd,nd
NGC5237,nid,13.6275152,-42.8468981,Irr,3.4,0.3,TRGB,0.263,-15.45,0.2,-17.835,0.119,3,2,37,nd,nd,0.4,0.1,nd,nd,5.64,0.22,nd,nd,nd
UGC-8638,nid,13.6554299,24.7752243,Im,4.27,0.5,TRGB,0.035,-13.69,0.2,nd,nd,3,2,37,nd,nd,0.56,0.06,nd,nd,5.59,0.22,nd,nd,nd
ESO-383-G076,nid,13.7912197,-32.8649733,E/cD,169,8,Hubble,0.148,-24.1,0.2,-26.842,0.107,22500,5500,48,322.6,9.2,55,20,12.726,0.135,9.98,0.09,nd,nd,nd
IC4329,nid,13.8181357,-30.295734,E/S0,68.7,4.8,Hubble,0.168,-23.09,0.35,-26.148,0.103,2970,530,20,296,6,19.53,1.4,12.202,0.032,9.04,0.07,nd,nd,nd
NGC5322,nid,13.8208889,60.1903889,E3,31.19,3.48,SBF,0.047,-22.29,0.28,-25.315,0.104,1600,500,20,232,4.5,5.09,0.57,11.406,0.047,8.72,0.12,nd,nd,nd
NGC5457,M101,14.0534969,54.349058,SABc,6.89,0.39,Cepheids/TRGB,0.028,-21.36,0.22,-23.682,0.112,150,40,16,73.1,23.8,11.5,0.65,10.757,0.166,7.64,0.1,nd,nd,nd
NGC5557,nid,14.3071234,36.4938702,E1,38.93,8,SBF,0.019,-21.96,0.5,-24.873,0.101,3500,1000,20,253,9.4,5.67,1.16,11.528,0.083,9.04,0.11,nd,nd,nd
ESO-223-09,nid,15.019053,-48.2918413,IAB,6.49,0.6,TRGB,0.714,-16.47,0.2,-16.111,0.245,8,3,37,nd,nd,1.98,0.2,nd,nd,6.11,0.14,nd,nd,nd
NGC5813,nid,15.0198046,1.7020095,E1,32.21,2.78,SBF,0.189,-22.27,0.23,-25.147,0.105,2900,400,42a,236.5,3.4,8.93,0.77,11.667,0.037,8.98,0.06,8.84,0.07,0.07
NGC5845,nid,15.1002153,1.6339721,E,25.94,2.63,SBF,0.177,-19.77,0.26,-22.977,0.102,180,30,60,234,11,nd,nd,nd,nd,7.62,0.07,8.69,0.12,0.16
NGC5846,nid,15.1081241,1.6062912,E0,24.89,2.4,SBF,0.182,-22.12,0.25,-25.065,0.103,4670,1195,28,239.3,4.3,7.56,0.73,11.605,0.041,9.17,0.1,9.04,0.07,0.09
NGC5866,nid,15.108215,55.7633012,S0-a,15.35,0.87,SBF,0.044,-21.08,0.2,-24.062,0.102,370,70,14/42a,159,9.8,3.01,0.17,10.85,0.043,8.01,0.08,nd,nd,nd
ESO-274-01,nid,15.2370622,-46.8091057,Scd,3.09,0.3,TRGB,0.704,-17.47,0.2,-19.169,0.113,10,3,37,nd,nd,1.68,0.2,nd,nd,6.25,0.11,nd,nd,nd
NGC5907,nid,15.2649038,56.3289056,SABc,13.22,2.63,TF,0.035,-20.3,0.55,-23.853,0.101,170,65,59,nd,nd,7.83,1.56,nd,nd,7.63,0.14,nd,nd,nd
UGC-9799,A2052-BCG,15.2790399,7.0214564,E/cD,151,8,Hubble,0.101,-23.1,0.2,-26.358,0.114,18000,4500,48,215.8,11.6,3.3,0.5,11.155,0.068,9.82,0.1,0,9.69,0
NGC5982,nid,15.6443806,59.3558889,E3,41.47,2.7,SBF,0.059,-22.02,0.2,-24.944,0.101,1497,202,92,238.9,4.9,4.79,0.31,11.406,0.03,8.67,0.05,nd,nd,nd
UGC-9958,A2107-BCG,15.6608126,21.7831069,E/cD,180.6,9,Hubble,0.159,-23.3,0.4,-26.393,0.108,27000,13000,43a/46a,295.2,14.3,37.1,4,12.478,0.05,10.01,0.17,nd,nd,nd
A2124-1,UGC-10012,15.7497222,36.1094444,E,284.2,19.9,Hubble,0.068,-23.5,0.2,-26.692,0.119,17900,4700,6,303.5,15,9,1,11.887,0.054,9.85,0.1,nd,nd,nd
A2147-1,UGC-10143,16.0380556,15.9747222,E,153.4,10.7,Hubble,0.086,-23.08,0.2,-25.706,0.107,13100,3300,6,277.7,16.5,23.36,1.63,12.224,0.045,9.68,0.1,nd,nd,nd
UGC-10143,nid,16.0380582,15.9745596,E/cD,153,8,Hubble,0.086,-23,0.2,nd,nd,14000,3500,48,277.7,16.5,23.4,5.7,12.225,0.1,9.71,0.1,nd,nd,nd
NGC6041A,A2151-1,16.0766111,17.7216667,S0,151.8,10.6,Hubble,0.119,-22,0.3,-25.949,0.106,19800,4900,6,nd,nd,nd,nd,nd,nd,9.79,0.1,nd,nd,nd
NGC6039,A2151-2,16.0776622,17.7009754,E/S0,150.6,10.5,Hubble,0.143,-22.08,0.24,-25.266,0.116,5030,300,6,202,11.6,12.32,0.86,11.67,0.044,9.2,0.03,nd,nd,nd
A2152-2,PGC57067,16.0906667,16.4427778,S0,136.4,9.6,Hubble,0.11,-21.42,0.2,-24.785,0.116,5100,340,6,nd,nd,nd,nd,nd,nd,9.17,0.03,nd,nd,nd
A2152-1,PGC57068,16.0914444,16.4358333,E,190,13.3,Hubble,0.11,-22.6,0.2,-25.716,0.108,7800,2060,6,304.2,25.8,2.35,0.3,11.306,0.07,9.43,0.1,nd,nd,nd
NGC6086,A2162-1,16.2098828,29.4844782,E,137.3,9.6,Hubble,0.124,-23.04,0.22,-25.729,0.105,9200,2500,7,334.4,9.5,16.23,1.13,12.228,0.034,9.53,0.1,9.56,0.16,0.16
ESO-137-18,nid,16.3497628,-60.4875927,Sasc,5,1,TRGB,0.667,-17.91,0.5,-18.551,0.124,7,3,37,nd,nd,1.02,0.1,nd,nd,6.12,0.15,nd,nd,nd
NGC6160,A2197-2,16.4613916,40.9260593,E,136.4,9.6,Hubble,0.016,-22.77,1,-25.897,0.107,4560,1080,7,251.2,10.6,nd,nd,nd,nd,9.2,0.09,nd,nd,nd
NGC6166,A2199-BCG,16.4773144,39.5513608,E/cD,130.4,9.1,Hubble,0.038,-23.7,0.27,-26.412,0.105,17000,4000,7,308.2,6.9,30.06,2.1,12.424,0.032,9.84,0.09,nd,nd,nd
NGC6173,A2197-1,16.4958098,40.8115694,E,125.8,8.8,Hubble,0.024,-23.41,0.28,-26.137,0.104,4600,2600,7,277.8,13.2,16.31,1.14,12.069,0.04,9.25,0.19,nd,nd,nd
NGC6384,nid,17.5400644,7.0603015,Sbc,25.94,4.54,TF,0.409,-22.06,0.42,-24.586,0.106,60,13,22,128.3,8.7,12.49,2.19,11.282,0.079,7.28,0.09,nd,nd,nd
NGC6397-GAL1,nid,17.686722,-53.72125,E,375,15,Hubble,0.5,-20.5,1,nd,nd,1600,600,55b,nd,nd,nd,nd,nd,nd,8.61,0.2,nd,nd,nd
NGC6482,nid,17.863549,23.0719031,E,55.14,2.8,Hubble,0.328,-22.63,0.2,-25.371,0.101,1140,87,1a,309.8,11.7,nd,nd,nd,nd,8.59,0.03,nd,nd,nd
NGC6703,nid,18.7885588,45.5505326,E/S0,26.67,3.81,SBF,0.294,-21.1,0.44,-23.913,0.101,610,200,61,178.5,3.8,2.88,0.41,10.931,0.059,8.23,0.12,nd,nd,nd
Sagittarius-dE,nid,18.9220833,-30.5452778,dE,0.03,0,RRLyr,0.16,-13.9,0.5,nd,nd,6,2,63,nd,nd,nd,nd,nd,nd,5.9,0.12,nd,nd,nd
NGC6822,nid,19.7491622,-14.8003417,Irr,0.52,0.05,Cepheids/RRL,0.659,-15.5,0.3,-16.927,0.11,7,1,52/100,nd,nd,nd,nd,nd,nd,6.02,0.15,nd,nd,nd
ESO-185-IG013,nid,19.7501465,-54.2508181,S,78.4,5.5,Hubble,0.149,-19.84,0.36,-21.607,0.149,20,10,1,nd,nd,nd,nd,nd,nd,6.67,0.18,nd,nd,nd
KK-246,ESO-461-G036,20.0659444,-31.6816667,I,7.83,0.8,TRGB,0.812,-13.77,0.2,nd,nd,2,2,37,nd,nd,nd,nd,nd,nd,5.42,0.3,nd,nd,nd
NGC6861,nid,20.122079,-48.3702995,E/S0,28.05,5.06,SBF,0.18,-21.31,0.53,-24.551,0.101,1860,600,61,414,20,2.64,0.48,11.624,0.077,8.73,0.12,0,9.15,0
NGC6946,nid,20.5812748,60.1537739,SABc,6.08,0.62,PNLF,1.133,-21.24,0.33,-23.673,0.106,90,40,16,nd,nd,5.33,0.54,nd,nd,7.41,0.16,nd,nd,nd
NGC7014,nid,21.131154,-47.1790166,E,49.46,3.4,SBF,0.109,-21.19,0.2,-24.332,0.103,1634,88,74,294.5,9.1,5.57,0.38,11.652,0.034,8.66,0.02,nd,nd,nd
NGC7049,nid,21.3164289,-48.5629004,S0,29.92,3.19,SBF,0.18,-21.89,0.27,-25.153,0.102,2700,800,20,246.5,3.9,4.62,0.49,11.417,0.045,8.92,0.11,nd,nd,nd
NGC7173,nid,22.034261,-31.9737228,E,31.33,2.87,SBF,0.088,-20.54,0.33,-23.532,0.103,400,30,18,203.9,4.8,4.54,0.42,11.245,0.041,8.01,0.03,nd,nd,nd
IC5176,nid,22.2488373,-66.8493944,Sc,23.51,4.1,TF,0.085,-20.63,0.2,-23.126,0.104,132,25,39,nd,nd,2.22,0.39,nd,nd,7.54,0.08,nd,nd,nd
NGC7331,nid,22.6178186,34.4156195,Sbc,15.07,0.71,Cepheids,0.301,-21.71,0.2,-24.895,0.102,210,130,82,137.2,3.5,6.22,0.29,11.037,0.025,7.8,0.21,0,8.2,0
NGC7332,nid,22.6234762,23.7982595,S0,23.01,2.22,SBF,0.124,-20.83,0.25,-23.811,0.101,175,15,33/100a,124.9,3.3,1.64,0.16,10.376,0.043,7.67,0.04,7.11,0.17,0.21
NGC7339,nid,22.6297367,23.7867242,Sbc,23.1,2.22,TF,0.123,-20.39,0.25,-23.269,0.102,75,10,100a,nd,nd,nd,nd,nd,nd,7.28,0.05,nd,nd,nd
IC1459,nid,22.9529445,-36.4621765,E,29.24,4.02,SBF,0.043,-22.04,0.2,-25.53,0.103,2100,730,60,306.1,7.8,4.95,0.68,11.635,0.058,8.82,0.13,9.45,0.14,0.25
NGC7457,nid,23.0166472,30.1448889,S0,13.24,1.34,SBF,0.172,-19.58,0.25,-22.436,0.103,160,50,17/19/42,67,3,2.06,0.21,9.935,0.049,7.56,0.12,7,0.2,0.4
NGC7626,nid,23.3451444,8.2170556,E,47.42,2.24,SBF,0.24,-22.51,0.2,-25.374,0.102,2833,300,92,271.3,4.4,8.89,0.42,11.784,0.022,8.98,0.04,0,8.91,0
NGC7720,A2634-1,23.6415185,27.0316622,E,124.5,8.7,Hubble,0.228,-23.35,0.35,-26.225,0.105,18000,4600,Jul-48,359.1,10.7,18.53,1.29,12.347,0.034,9.84,0.1,nd,nd,nd
NGC7727,nid,23.6649578,-12.2928392,Sab,21,9.9,Hubble,0.093,-21.25,0.2,-23.933,0.104,850,320,96,196.1,15.6,7.46,0.53,11.427,0.054,8.38,0.14,nd,nd,nd
NGC7768,A2666-1,23.84961,27.1473359,E,112.1,7.9,Hubble,0.128,-23.07,0.2,-25.927,0.104,3000,1300,Jul-53,312.8,15.4,15.22,1.07,12.142,0.041,9.04,0.16,9.11,0.14,0.16
NGC7793,nid,23.9638247,-32.5910369,Scd,3.84,0.16,TRGB,0.053,-19.35,0.2,-21.072,0.116,17,5,70/75,nd,nd,2.16,0.09,nd,nd,6.58,0.11,nd,nd,nd
